user,logons_mean,distinct_pcs_mean,after_hours_logons_mean,usb_connects_mean,usb_after_hours_mean,file_copies_mean,logons_std,distinct_pcs_std,after_hours_logons_std,usb_connects_std,usb_after_hours_std,file_copies_std
AAE0190,1.0,1.0,0.0,0.0,0.0,0.0,1.0,1.0,1.0,1.0,1.0,1.0
AAF0535,1.0,1.0,0.0,2.1097560975609757,0.0,2.176829268292683,1.0,1.0,1.0,1.2870863806246984,1.0,2.075081417900814
AAF0791,1.0,1.0,0.0,0.0,0.0,0.0,1.0,1.0,1.0,1.0,1.0,1.0
AAL0706,1.0,1.0,1.0,0.0,0.0,0.0,1.0,1.0,1.0,1.0,1.0,1.0
AAM0658,1.0177777777777777,1.0,0.022222222222222223,0.03111111111111111,0.03111111111111111,0.13777777777777778,0.13243746652546076,1.0,0.14773421007131973,0.2388796602130287,0.2388796602130287,1.1928523904477137
AAN0823,1.0,1.0,0.0,0.0,0.0,0.0,1.0,1.0,1.0,1.0,1.0,1.0
AAS0442,1.72,1.0,0.44,0.0,0.0,0.0,0.45355736761107257,1.0,0.501426536422407,1.0,1.0,1.0
AAV0450,1.0,1.0,0.4595375722543353,0.0,0.0,0.0,1.0,1.0,0.49908184107566994,1.0,1.0,1.0
AAW0353,1.0,1.0,0.476878612716763,0.0,0.0,0.0,1.0,1.0,0.5001884540553128,1.0,1.0,1.0
ABC0174,1.8006756756756757,1.0,1.0,2.168918918918919,0.16554054054054054,1.989864864864865,0.4001688832669715,1.0,1.0,1.1550244755702301,0.3812935766194238,2.047710250453463
ABC0253,1.783236994219653,1.0,1.0,0.0,0.0,0.0,0.4126365371448352,1.0,1.0,1.0,1.0,1.0
ABH0663,1.0,1.0,1.0,0.0,0.0,0.0,1.0,1.0,1.0,1.0,1.0,1.0
ABM0845,1.829479768786127,1.0664739884393064,0.002890173410404624,0.0,0.0,0.0,0.44048493158317037,0.24946957216738785,0.05376033305704705,1.0,1.0,1.0
ABN0239,1.7716763005780347,1.0,0.4595375722543353,0.0,0.0,0.0,0.4203601897395479,1.0,0.49908184107567005,1.0,1.0,1.0
ACC0042,3.9364161849710984,3.9364161849710984,3.523121387283237,0.0,0.0,0.0,1.3690165263708165,1.3690165263708165,1.2766748350687345,1.0,1.0,1.0
ACV0812,2.1937321937321936,1.2678062678062678,0.39886039886039887,0.0,0.0,0.0,0.601963954369863,0.44344821191015854,0.5956018424598389,1.0,1.0,1.0
ADC0391,1.7976878612716762,1.0,0.4682080924855491,0.0,0.0,0.0,0.40230549459665466,1.0,0.49971089907961724,1.0,1.0,1.0
ADD0846,1.0,1.0,0.0,0.0,0.0,0.0,1.0,1.0,1.0,1.0,1.0,1.0
ADF0397,1.0,1.0,0.476878612716763,0.0,0.0,0.0,1.0,1.0,0.5001884540553128,1.0,1.0,1.0
AES0827,1.0,1.0,0.0,0.0,0.0,0.0,1.0,1.0,1.0,1.0,1.0,1.0
AGB0186,1.0,1.0,1.0,0.0,0.0,0.0,1.0,1.0,1.0,1.0,1.0,1.0
AGB0643,1.0,1.0,0.0,0.0,0.0,0.0,1.0,1.0,1.0,1.0,1.0,1.0
AHC0142,1.955958549222798,1.145077720207254,1.0129533678756477,0.0,0.0,0.0,0.4271661233977583,0.35263625963054007,0.11322008404071418,1.0,1.0,1.0
AHD0848,1.9136125654450262,1.1282722513089005,0.034031413612565446,0.39267015706806285,0.04450261780104712,0.5209424083769634,0.4971024035666309,0.371965975378848,0.1815476743605188,0.6779223246948428,0.2064793971875776,1.4042796050904258
AHG0634,1.860759493670886,1.0696202531645569,0.0189873417721519,0.0,0.0,0.0,0.4580261504839331,0.255315181951578,0.1369140781910376,1.0,1.0,1.0
AHM0410,2.0538243626062322,1.2974504249291785,0.5042492917847026,1.1161473087818696,0.0084985835694051,6.2266288951841355,0.4263259300222338,0.4577852606151347,0.5336506615625477,0.8954397731446744,0.09192549245318597,4.642892199735769
AIB0948,2.1416184971098264,1.346820809248555,1.170520231213873,8.641618497109826,0.8901734104046243,4.823699421965318,0.5165680887023131,0.5656380337184802,0.4133262260669276,0.6221996828495052,1.0269225019027153,2.9410860976905546
AIH0675,1.0,1.0,0.4682080924855491,0.0,0.0,0.0,1.0,1.0,0.4997108990796174,1.0,1.0,1.0
AIM0627,1.0,1.0,0.43352601156069365,0.0,0.0,0.0,1.0,1.0,0.4962791940549917,1.0,1.0,1.0
AIP0394,1.842406876790831,1.0,0.5902578796561605,0.0,0.0,0.0,0.5369463955337737,1.0,0.5683381622241453,1.0,1.0,1.0
AIP0982,1.8381502890173411,1.0520231213872833,1.0028901734104045,1.0578034682080926,0.046242774566473986,17.86705202312139,0.4338450140180499,0.22239528599313385,0.05376033305704704,0.902241862614789,0.22367235099541408,12.018570702002165
AIS0405,1.0,1.0,0.47398843930635837,0.0,0.0,0.0,1.0,1.0,0.5000460731055506,1.0,1.0,1.0
AJC0840,1.0,1.0,0.0,0.0,0.0,0.0,1.0,1.0,1.0,1.0,1.0,1.0
AJD0074,1.937984496124031,1.165374677002584,1.0465116279069768,0.3875968992248062,0.07493540051679587,1.330749354005168,0.4274021655981294,0.37199929199273335,0.22281053719742047,0.6594480049903075,0.28259930340044526,2.534561148249514
AJF0370,4.7640750670241285,3.994638069705094,2.525469168900804,11.423592493297587,2.3806970509383376,29.632707774798927,1.4473173236059915,1.3873364246690374,1.3490419169932983,1.5284685445099615,1.2992357335404858,7.489900182580543
AJH0175,1.170520231213873,1.0,1.153179190751445,0.4595375722543353,0.008670520231213872,0.6820809248554913,0.37663385656145176,1.0,0.36068173328454034,0.7059447899165494,0.09284533561690393,1.642752110873704
AJL0462,1.8735632183908046,1.0,0.5747126436781609,0.0,0.0,0.0,0.5048376393469761,1.0,0.5906511603891689,1.0,1.0,1.0
AJN0607,2.0838150289017343,1.3179190751445087,0.49421965317919075,2.985549132947977,0.028901734104046242,2.3699421965317917,0.477218280690976,0.466342232153766,0.5121380002721706,1.017139703206903,0.16777298895552623,2.4129165699337123
AJP0723,1.0,1.0,1.0,0.0,0.0,0.0,1.0,1.0,1.0,1.0,1.0,1.0
AJR0319,1.8206278026905829,1.0,1.0,0.0,0.0,0.0,0.38409451147097545,1.0,1.0,1.0,1.0,1.0
AJR0932,1.0153061224489797,0.9948979591836735,1.0153061224489797,0.09693877551020408,0.09693877551020408,0.23979591836734693,0.18884373722876943,0.07142857142857144,0.18884373722876943,0.9090941201598778,0.9090941201598778,2.368305238293165
AKC0924,1.0,1.0,0.0,0.0,0.0,0.0,1.0,1.0,1.0,1.0,1.0,1.0
AKF0709,1.0,1.0,1.0,0.0,0.0,0.0,1.0,1.0,1.0,1.0,1.0,1.0
AKH0758,1.0,1.0,0.0,0.0,0.0,0.0,1.0,1.0,1.0,1.0,1.0,1.0
AKK0329,1.0,1.0,1.0,0.0,0.0,0.0,1.0,1.0,1.0,1.0,1.0,1.0
AKR0057,1.8138528138528138,1.051948051948052,0.5454545454545454,2.103896103896104,0.17316017316017315,2.3376623376623376,0.4520276588097286,0.2224040914604821,0.5244986312939712,1.2879145487224066,0.39050465160951103,2.164598906176121
AKW0167,1.0,1.0,1.0,0.0,0.0,0.0,1.0,1.0,1.0,1.0,1.0,1.0
ALB0892,1.0,1.0,0.0,0.0,0.0,0.0,1.0,1.0,1.0,1.0,1.0,1.0
ALC0788,1.0,1.0,0.0,0.0,0.0,0.0,1.0,1.0,1.0,1.0,1.0,1.0
ALD0529,1.7976878612716762,1.0,0.0,0.0,0.0,0.0,0.40230549459665466,1.0,1.0,1.0,1.0,1.0
ALD0544,1.0,1.0,0.48554913294797686,0.0,0.0,0.0,1.0,1.0,0.5005149396624767,1.0,1.0,1.0
ALH0402,1.0,1.0,0.44508670520231214,0.0,0.0,0.0,1.0,1.0,0.49769511474699646,1.0,1.0,1.0
AMD0077,1.0,1.0,1.0,0.0,0.0,0.0,1.0,1.0,1.0,1.0,1.0,1.0
AMH0464,1.0,1.0,0.4884393063583815,0.0,0.0,0.0,1.0,1.0,0.5005902522557051,1.0,1.0,1.0
AMH0794,1.0,1.0,0.0,0.0,0.0,0.0,1.0,1.0,1.0,1.0,1.0,1.0
AMJ0297,1.0,1.0,0.0,0.0,0.0,0.0,1.0,1.0,1.0,1.0,1.0,1.0
AMM0014,1.0,1.0,1.0,0.0,0.0,0.0,1.0,1.0,1.0,1.0,1.0,1.0
AMR0318,1.8419540229885059,1.0,1.0574712643678161,0.4051724137931034,0.040229885057471264,0.6609195402298851,0.46275540892053324,1.0,0.24512876527208033,0.6394132073446102,0.1967808770464455,1.5353551962076977
AMR0400,1.0,1.0,0.45375722543352603,0.0,0.0,0.0,1.0,1.0,0.4985780232195326,1.0,1.0,1.0
AMV0036,1.0,1.0,1.0,0.0,0.0,0.0,1.0,1.0,1.0,1.0,1.0,1.0
AMW0392,1.7866666666666666,1.0,0.4688888888888889,0.0,0.0,0.0,0.4101170455995628,1.0,0.4995865650279702,1.0,1.0,1.0
ANM0123,2.0,1.28,0.08,1.16,0.12,1.88,0.5773502691896257,0.458257569495584,0.2768874620972691,0.8981462390204987,0.33166247903553997,2.5053276565484737
ANP0555,1.0,1.0,0.4421965317919075,0.0,0.0,0.0,1.0,1.0,0.4973667781305228,1.0,1.0,1.0
ANT0430,1.8815028901734103,1.0722543352601157,0.4508670520231214,0.0,0.0,0.0,0.41752069634412214,0.25928352574022406,0.5098017229927304,1.0,1.0,1.0
AOB0019,1.0,1.0,0.4682080924855491,0.0,0.0,0.0,1.0,1.0,0.49971089907961735,1.0,1.0,1.0
AOK0844,1.947780678851175,1.0992167101827677,0.08093994778067885,1.0626631853785902,0.1279373368146214,3.4490861618798956,0.4603538747444276,0.31635094259752483,0.28252258223599686,0.87204412256718,0.34219445229790746,3.130142754784765
AOS0987,2.0491329479768785,1.2716763005780347,0.031791907514450865,0.0,0.0,0.0,0.41760094634656314,0.4454680903865636,0.17569975227305984,1.0,1.0,1.0
APG0307,1.0,1.0,0.0,0.0,0.0,0.0,1.0,1.0,1.0,1.0,1.0,1.0
AQD0820,1.0,1.0,0.0,0.0,0.0,0.0,1.0,1.0,1.0,1.0,1.0,1.0
ARA0252,1.783236994219653,1.0,0.4653179190751445,0.0,0.0,0.0,0.4126365371448354,1.0,0.499518072177173,1.0,1.0,1.0
ARB0834,1.0,1.0,0.0,0.0,0.0,0.0,1.0,1.0,1.0,1.0,1.0,1.0
ARB0881,1.0,1.0,0.0,0.0,0.0,0.0,1.0,1.0,1.0,1.0,1.0,1.0
ARD0509,1.046242774566474,1.046242774566474,0.0,0.0,0.0,0.0,0.21031457189301064,0.21031457189301064,1.0,1.0,1.0,1.0
ARL0034,1.0,1.0,1.0,0.0,0.0,0.0,1.0,1.0,1.0,1.0,1.0,1.0
ASB0796,1.0,1.0,0.0,0.0,0.0,0.0,1.0,1.0,1.0,1.0,1.0,1.0
ASD0577,1.0,1.0,0.0,0.0,0.0,0.0,1.0,1.0,1.0,1.0,1.0,1.0
ASG0048,1.0,1.0,0.47109826589595377,0.0,0.0,0.0,1.0,1.0,0.4998868934647654,1.0,1.0,1.0
ASG0692,1.0,1.0,0.0,0.0,0.0,0.0,1.0,1.0,1.0,1.0,1.0,1.0
ASL0378,1.7919075144508672,1.0,0.45664739884393063,0.0,0.0,0.0,0.4065312474948835,1.0,0.4988383926470793,1.0,1.0,1.0
ASM0575,1.7947976878612717,1.0,0.0,0.0,0.0,0.0,0.40443424731399225,1.0,1.0,1.0,1.0,1.0
ASS0206,1.0,1.0,1.0,0.0,0.0,0.0,1.0,1.0,1.0,1.0,1.0,1.0
ASS0517,1.777456647398844,1.0,0.0,0.0,0.0,0.0,0.41655649041793513,1.0,1.0,1.0,1.0,1.0
ASV0946,1.7630057803468209,1.0,1.0,0.0,0.0,0.0,0.4258545508940997,1.0,1.0,1.0,1.0,1.0
ATE0869,1.8580246913580247,1.059670781893004,1.0205761316872428,0.43209876543209874,0.024691358024691357,1.0740740740740742,0.4612929022401288,0.23711995018008922,0.14210667318303402,0.6505497425599862,0.1553426787547069,2.1401095132077557
ATF0274,1.0,1.0,1.0,0.0,0.0,0.0,1.0,1.0,1.0,1.0,1.0,1.0
ATP0662,2.0,1.0600522193211488,0.22193211488250653,1.0287206266318538,0.05221932114882506,3.3237597911227152,0.5604784792072307,0.23789433482849281,0.42848744761281593,0.9162352876714994,0.2342170513967397,3.498636153833811
AVM0947,1.083815028901734,1.083815028901734,1.060693641618497,8.664739884393063,0.8786127167630058,22.25722543352601,0.2775115308315889,0.2775115308315889,0.23911329875315007,0.6440582982650289,1.0199484700027757,3.3197288768360425
AWM0764,1.0,1.0,0.0,0.0,0.0,0.0,1.0,1.0,1.0,1.0,1.0,1.0
BAH0875,1.3210227272727273,1.1079545454545454,1.2414772727272727,0.0,0.0,0.0,0.5565574687363526,0.3107647366975886,0.4847369299113606,1.0,1.0,1.0
BAJ0654,1.1213872832369942,1.1213872832369942,0.09826589595375723,0.4046242774566474,0.06358381502890173,8.436416184971097,0.32704976399268393,0.32704976399268393,0.2981049301575998,0.6263596252653263,0.24436345032191173,11.99844206747601
BAK0964,1.0,1.0,1.0,0.0,0.0,0.0,1.0,1.0,1.0,1.0,1.0,1.0
BAL0044,4.910919540229885,4.063218390804598,3.6264367816091956,3.2471264367816093,2.454022988505747,8.333333333333334,1.5090872728128686,1.4148341267960287,1.3848051305487796,1.465006935527427,1.3562369194217399,6.842260048730072
BAM0611,1.7658959537572254,1.0,0.4653179190751445,0.0,0.0,0.0,0.4240507634854179,1.0,0.499518072177173,1.0,1.0,1.0
BAM0636,1.0,1.0,0.0,0.0,0.0,0.0,1.0,1.0,1.0,1.0,1.0,1.0
BBG0325,1.8583815028901733,1.0635838150289016,1.0115606936416186,1.0635838150289016,0.05202312138728324,1.0086705202312138,0.430909700489216,0.24436345032191173,0.10705216425099409,0.8889028509696241,0.2350675747125563,1.8153723524624208
BBH0810,1.0,1.0,0.0,0.0,0.0,0.0,1.0,1.0,1.0,1.0,1.0,1.0
BBS0039,4.222929936305732,4.210191082802548,3.8152866242038215,0.012738853503184714,0.006369426751592357,0.006369426751592357,1.398711522990638,1.405264128534424,1.3719799283262852,0.15961737689352443,0.07980868844676221,0.07980868844676221
BBS0422,1.2146341463414634,1.0731707317073171,0.6121951219512195,0.375609756097561,0.0024390243902439024,1.2170731707317073,0.4822324691809947,0.2607347060065724,0.6621795241666232,0.6178994655587895,0.0493864798324795,2.469214107280165
BCB0679,2.0533807829181496,1.2846975088967971,0.47330960854092524,0.0,0.0,0.0,0.4148979575760931,0.45207537017094923,0.5211588120444977,1.0,1.0,1.0
BCM0653,1.0,1.0,0.0,0.0,0.0,0.0,1.0,1.0,1.0,1.0,1.0,1.0
BCR0581,2.0,1.2080924855491328,0.06647398843930635,0.0,0.0,0.0,0.40288812414826797,0.4065312474948834,0.2494695721673879,1.0,1.0,1.0
BDB0453,1.1560693641618498,1.0,0.6242774566473989,0.0,0.0,0.0,0.3713362253754895,1.0,0.6441623464560574,1.0,1.0,1.0
BDI0533,1.9113082039911309,1.1441241685144123,0.0,2.0443458980044347,0.0,5.450110864745011,0.4332110806001703,0.3516056157008344,1.0,1.0318409460117721,1.0,3.2841800919819537
BDV0168,1.0303030303030303,1.0,1.0303030303030303,0.09696969696969697,0.09696969696969697,0.21818181818181817,0.20435032163952155,1.0,0.20435032163952155,0.7826178896953795,0.7826178896953795,2.003267840282799
BEC0505,1.0,1.0,0.0,0.0,0.0,0.0,1.0,1.0,1.0,1.0,1.0,1.0
BEH0615,1.954674220963173,1.1501416430594902,0.5014164305949008,1.1161473087818696,0.0113314447592068,0.7592067988668555,0.4745655535215712,0.3881866823253895,0.5229105927639283,0.9627109573124141,0.10599466942218422,1.511821389747842
BER0314,1.0,1.0,1.0,0.0,0.0,0.0,1.0,1.0,1.0,1.0,1.0,1.0
BHC0665,1.3381502890173411,1.3381502890173411,0.0,0.0,0.0,0.0,0.4737651108368924,0.4737651108368924,1.0,1.0,1.0,1.0
BHW0458,1.0,1.0,0.4884393063583815,0.0,0.0,0.0,1.0,1.0,0.5005902522557051,1.0,1.0,1.0
BIH0745,1.0277777777777777,1.0,0.4791666666666667,0.0763888888888889,0.0763888888888889,0.2847222222222222,0.16490914830605122,1.0,0.5150700950329021,0.48875267403787814,0.48875267403787814,1.9635247115657324
BIS0247,1.8863636363636365,1.0,0.59375,0.32954545454545453,0.002840909090909091,1.1875,0.5214885156456199,1.0,0.6245368654421419,0.5792536884084861,0.053300179088902624,2.507893521370059
BJH0354,1.0,1.0,0.0,0.0,0.0,0.0,1.0,1.0,1.0,1.0,1.0,1.0
BJH0811,1.0,1.0,0.0,0.0,0.0,0.0,1.0,1.0,1.0,1.0,1.0,1.0
BJM0111,1.154046997389034,1.0,0.18798955613577023,7.6214099216710185,0.13838120104438642,20.472584856396868,0.3756712218089256,1.0,0.40437642498587534,1.7973980893874801,0.5826141582957981,5.326379609154535
BJP0134,1.777456647398844,1.0144508670520231,0.0,8.604046242774567,0.0,23.329479768786126,0.42345768520429805,0.1195128477083614,1.0,0.652207700668989,1.0,3.020912284877343
BJW0619,1.0,1.0,0.4277456647398844,0.0,0.0,0.0,1.0,1.0,0.4954682797975052,1.0,1.0,1.0
BKW0374,3.9248554913294798,3.9248554913294798,2.4653179190751446,0.0,0.0,0.0,1.3684289550954665,1.3684289550954665,1.2989224241084947,1.0,1.0,1.0
BLB0114,2.0115606936416186,1.19364161849711,0.008670520231213872,0.0,0.0,0.0,0.4372302720516478,0.39572355876107784,0.09284533561690395,1.0,1.0,1.0
BLL0929,1.0,1.0,1.0,0.0,0.0,0.0,1.0,1.0,1.0,1.0,1.0,1.0
BLS0678,1.8208955223880596,1.0,0.48258706467661694,0.01990049751243781,0.01990049751243781,0.024875621890547265,0.42161735499128905,1.0,0.5108280274533111,0.1720522887082623,0.1720522887082623,0.3526728079292991
BMC0547,1.0,1.0,0.4508670520231214,0.0,0.0,0.0,1.0,1.0,0.49830070626862044,1.0,1.0,1.0
BMG0917,1.828080229226361,1.0,0.06017191977077364,8.541547277936962,1.1375358166189111,22.040114613180517,0.47851786786557304,1.0,0.24992176755714998,1.0180096149167608,0.9610193953128662,3.7842073508440826
BMM0112,1.0,1.0,0.0,0.0,0.0,0.0,1.0,1.0,1.0,1.0,1.0,1.0
BMS0877,1.0,1.0,1.0,0.0,0.0,0.0,1.0,1.0,1.0,1.0,1.0,1.0
BMT0528,1.0751445086705202,1.0751445086705202,0.0,2.060693641618497,0.0,5.5,0.2640061636004607,0.2640061636004607,1.0,1.0546315154634482,1.0,3.170744894879719
BNG0237,1.760115606936416,1.0,0.4797687861271676,0.0,0.0,0.0,0.4276311405795872,1.0,0.5003140506559252,1.0,1.0,1.0
BNR0965,1.7803468208092486,1.0,1.0,0.0,0.0,0.0,0.4146112493195609,1.0,1.0,1.0,1.0,1.0
BQS0525,1.1428571428571428,1.1428571428571428,0.0,8.020408163265307,0.0,1.163265306122449,0.35355339059327373,0.35355339059327373,1.0,0.9011519460845506,1.0,1.559205710924505
BRB0355,2.085714285714286,1.3252747252747252,0.0,1.9736263736263737,0.0,1.5648351648351648,0.4778281049951144,0.46899306481478253,1.0,1.0257515955955303,1.0,2.03917436142517
BRM0995,1.8554913294797688,1.0780346820809248,0.06069364161849711,8.592485549132949,2.46242774566474,1.7052023121387283,0.40566483800567366,0.26861460773628626,0.23911329875315004,0.6926957682322006,1.5696501601309,2.1615417443515517
BRS0734,1.0,1.0,0.5181818181818182,1.1636363636363636,0.00909090909090909,16.772727272727273,1.0,1.0,0.5019561401545615,1.0538463645776097,0.09534625892455922,11.823362885614968
BSA0431,1.0,1.0,0.4653179190751445,0.0,0.0,0.0,1.0,1.0,0.49951807217717303,1.0,1.0,1.0
BSB0990,1.0,1.0,1.0,0.0,0.0,0.0,1.0,1.0,1.0,1.0,1.0,1.0
BSH0445,1.0,1.0,0.4797687861271676,0.0,0.0,0.0,1.0,1.0,0.5003140506559254,1.0,1.0,1.0
BSS0369,4.02510460251046,4.01255230125523,2.3807531380753137,11.464435146443515,2.271966527196653,9.602510460251047,1.4521056464114697,1.4508217652496096,1.3446930617801875,1.697065805343771,1.355539794077859,6.183890189257026
BSS0463,1.0520231213872833,1.0520231213872833,0.47109826589595377,0.0,0.0,0.0,0.22239528599313393,0.22239528599313393,0.4998868934647652,1.0,1.0,1.0
BTL0226,1.9061032863849765,1.107981220657277,0.5070422535211268,0.03755868544600939,0.03755868544600939,0.018779342723004695,0.4664299666722792,0.32589811989536405,0.5714902589990022,0.3199316739882209,0.3199316739882209,0.21636886120596457
BTL0722,1.0,1.0,1.0,0.0,0.0,0.0,1.0,1.0,1.0,1.0,1.0,1.0
BTN0061,2.023121387283237,1.2485549132947977,0.5780346820809249,0.0,0.0,0.0,0.4625544351881979,0.4893778287730555,0.6860791004884209,1.0,1.0,1.0
BTR0403,1.9884393063583814,1.23121387283237,0.615606936416185,1.0982658959537572,0.057803468208092484,1.5028901734104045,0.504914276625634,0.49782975430437554,0.6634903809648682,0.955015683212254,0.23370941102046122,2.152515959527153
BTS0011,1.0,1.0,1.0,0.0,0.0,0.0,1.0,1.0,1.0,1.0,1.0,1.0
BTW0005,1.346820809248555,1.346820809248555,1.023121387283237,0.0,0.0,0.0,0.4766474189592372,0.4766474189592372,0.15050666990597392,1.0,1.0,1.0
BVC0790,2.191780821917808,1.3105022831050228,0.13013698630136986,2.006849315068493,0.0319634703196347,2.2260273972602738,0.585660867806508,0.46322837258354554,0.34356520797372264,1.03151645943002,0.17610398046279388,2.4460416291268605
BVN0514,1.0727272727272728,1.0727272727272728,0.0,0.0,0.0,0.0,0.26087681753707737,0.26087681753707737,1.0,1.0,1.0,1.0
BWH0813,1.0,1.0,0.0,0.0,0.0,0.0,1.0,1.0,1.0,1.0,1.0,1.0
BWP0202,2.274787535410765,1.3257790368271956,1.2124645892351276,0.3654390934844193,0.056657223796033995,1.7762039660056657,0.6707052111760711,0.46933043083663006,0.46790501357163283,0.6303371143062283,0.23151462453854915,3.2260129281862975
BXJ0010,1.0,1.0,0.41329479768786126,0.0,0.0,0.0,1.0,1.0,0.49313796737972665,1.0,1.0,1.0
BYP0070,1.0,1.0,0.48739495798319327,0.0,0.0,0.0,1.0,1.0,0.5008944947060124,1.0,1.0,1.0
CAA0612,1.7716763005780347,1.0,0.4479768786127168,0.3699421965317919,0.002890173410404624,1.8526011560693643,0.420360189739548,1.0,0.4980064134824461,0.6339373142418773,0.053760333057047055,3.2763901392859562
CAB0388,1.7630057803468209,1.0,0.476878612716763,0.0,0.0,0.0,0.4258545508940997,1.0,0.5001884540553129,1.0,1.0,1.0
CAB0614,1.9884393063583814,1.2254335260115607,0.47109826589595377,1.0635838150289016,0.0,2.6907514450867054,0.4991405866998909,0.4581506143436602,0.5443011279173108,0.917781123964425,1.0,2.8922236591527852
CAC0889,1.0,1.0,0.0,0.0,0.0,0.0,1.0,1.0,1.0,1.0,1.0,1.0
CAH0936,2.058139534883721,1.197674418604651,1.1395348837209303,0.0755813953488372,0.0755813953488372,0.2441860465116279,0.5483553541739556,0.45421399088667874,0.3796825604754928,0.5824802878499101,0.5824802878499101,1.7897436616848246
CAM0102,1.0,1.0,1.0,0.0,0.0,0.0,1.0,1.0,1.0,1.0,1.0,1.0
CAM0681,1.7716763005780347,1.0,0.0,1.0404624277456647,0.08670520231213873,2.19364161849711,0.420360189739548,1.0,1.0,0.8738280366952461,0.2919144401680989,2.543548822652988
CAN0842,1.0,1.0,0.0,0.0,0.0,0.0,1.0,1.0,1.0,1.0,1.0,1.0
CAS0507,2.1242774566473988,1.3179190751445087,0.028901734104046242,1.1011560693641618,0.002890173410404624,18.179190751445088,0.4865020647711128,0.4663422321537655,0.16777298895552628,0.9032301736469195,0.053760333057047055,11.646096587270346
CBB0365,5.08092485549133,4.329479768786127,2.6242774566473988,0.0,0.0,0.0,1.5339010644420172,1.547732615897898,1.4051211401323536,1.0,1.0,1.0
CBG0398,1.0,1.0,0.49710982658959535,0.0,0.0,0.0,1.0,1.0,0.5007157480716242,1.0,1.0,1.0
CBG0490,1.0,1.0,0.0,0.0,0.0,0.0,1.0,1.0,1.0,1.0,1.0,1.0
CCA0046,4.0,3.990049751243781,3.5472636815920398,3.771144278606965,2.4328358208955225,8.348258706467663,1.4730919862656238,1.4559878081606448,1.4384036203807256,1.7050991713327415,1.3880621088086973,6.7748143482117875
CCC0393,1.0,1.0,0.4797687861271676,0.0,0.0,0.0,1.0,1.0,0.5003140506559253,1.0,1.0,1.0
CCH0182,1.0,1.0,1.0,0.0,0.0,0.0,1.0,1.0,1.0,1.0,1.0,1.0
CCH0685,1.8439306358381502,1.0664739884393064,0.002890173410404624,0.0,0.0,0.0,0.43596388075114034,0.24946957216738785,0.05376033305704705,1.0,1.0,1.0
CCL0068,1.0,1.0,0.4861111111111111,2.1979166666666665,0.017361111111111112,2.1875,1.0,1.0,0.5006770483805582,1.2179247071697397,0.13084014829451154,2.095186951651174
CCM0136,1.829479768786127,1.0520231213872833,0.002890173410404624,0.3468208092485549,0.0,0.3959537572254335,0.44701686366523774,0.222395285993134,0.05376033305704704,0.6194469316502725,1.0,1.153136033128306
CCM0467,1.0,1.0,0.4479768786127168,0.0,0.0,0.0,1.0,1.0,0.4980064134824458,1.0,1.0,1.0
CCM0855,1.0,1.0,1.0,0.0,0.0,0.0,1.0,1.0,1.0,1.0,1.0,1.0
CCR0863,1.0,1.0,1.0,0.0,0.0,0.0,1.0,1.0,1.0,1.0,1.0,1.0
CCW0031,1.0,1.0,1.0,0.0,0.0,0.0,1.0,1.0,1.0,1.0,1.0,1.0
CCW0524,1.0,1.0,0.0,0.0,0.0,0.0,1.0,1.0,1.0,1.0,1.0,1.0
CEB0210,1.0,1.0,1.0,0.0,0.0,0.0,1.0,1.0,1.0,1.0,1.0,1.0
CEJ0109,1.0,1.0,0.0,2.006289308176101,0.009433962264150943,2.1352201257861636,1.0,1.0,1.0,1.0977283992109428,0.0968217020997883,1.9977791570202628
CEL0561,1.777456647398844,1.0,0.0,0.0,0.0,0.0,0.41655649041793513,1.0,1.0,1.0,1.0,1.0
CFG0959,1.2630057803468209,1.2630057803468209,1.0433526011560694,0.0,0.0,0.0,0.4409031376369248,0.4409031376369248,0.20394451492287652,1.0,1.0,1.0
CFM0767,1.9710982658959537,1.0722543352601157,0.12427745664739884,1.083815028901734,0.0,2.2485549132947975,0.5791322410595574,0.28075282655537454,0.3303755849673187,0.8453956524401941,1.0,2.6389634973705207
CFW0264,1.0,1.0,1.0,0.0,0.0,0.0,1.0,1.0,1.0,1.0,1.0,1.0
CGA0629,1.0,1.0,0.47109826589595377,0.0,0.0,0.0,1.0,1.0,0.49988689346476545,1.0,1.0,1.0
CGB0637,1.7630057803468209,1.0,0.0,3.1271676300578033,0.8092485549132948,6.742774566473988,0.4258545508940996,1.0,1.0,1.036164365392175,0.8118870568705031,2.7631671265636966
CGF0337,1.0,1.0,1.0,0.0,0.0,0.0,1.0,1.0,1.0,1.0,1.0,1.0
CHG0146,1.0,1.0,0.0,0.0,0.0,0.0,1.0,1.0,1.0,1.0,1.0,1.0
CHM0821,2.1647398843930636,1.3323699421965318,0.2514450867052023,1.0635838150289016,0.08959537572254335,3.5491329479768785,0.5153015905711956,0.47174500802992714,0.46038508599928835,0.8986320619751731,0.29597563233326457,3.348226759711402
CIG0052,1.0,1.0,0.0,0.0,0.0,0.0,1.0,1.0,1.0,1.0,1.0,1.0
CIM0271,1.8323699421965318,1.0491329479768785,1.0115606936416186,2.0953757225433525,0.2630057803468208,4.485549132947977,0.4383019164827601,0.21645858381105404,0.10705216425099409,0.9983357182077965,0.49068563090056744,2.951996497417868
CIM0926,1.0043668122270741,1.0043668122270741,0.004366812227074236,0.0,0.0,0.0,0.06608186004550898,0.06608186004550898,0.06608186004550898,1.0,1.0,1.0
CJC0494,1.0,1.0,0.0,0.0,0.0,0.0,1.0,1.0,1.0,1.0,1.0,1.0
CJF0802,1.94,1.0571428571428572,0.15714285714285714,0.0,0.0,0.0,0.6236504053395856,0.23244768864720808,0.39465317136083644,1.0,1.0,1.0
CJG0470,1.0,1.0,0.44508670520231214,0.0,0.0,0.0,1.0,1.0,0.49769511474699635,1.0,1.0,1.0
CJH0702,1.0,1.0,1.0,0.0,0.0,0.0,1.0,1.0,1.0,1.0,1.0,1.0
CJK0200,1.0,1.0,1.0,0.0,0.0,0.0,1.0,1.0,1.0,1.0,1.0,1.0
CJM0138,1.0,1.0,0.0,0.0,0.0,0.0,1.0,1.0,1.0,1.0,1.0,1.0
CJM0521,1.0,1.0,0.0,0.0,0.0,0.0,1.0,1.0,1.0,1.0,1.0,1.0
CJP0952,1.8818443804034581,1.0605187319884726,1.0547550432276658,0.0,0.0,0.0,0.4629498892860926,0.23878973886660804,0.24018089388641242,1.0,1.0,1.0
CJV0286,1.783236994219653,1.0,0.0,0.0,0.0,0.0,0.4126365371448352,1.0,1.0,1.0,1.0,1.0
CKB0427,1.0,1.0,0.4479768786127168,0.0,0.0,0.0,1.0,1.0,0.498006413482446,1.0,1.0,1.0
CKB0482,1.0,1.0,0.0,0.0,0.0,0.0,1.0,1.0,1.0,1.0,1.0,1.0
CKD0680,1.0,1.0,0.4595375722543353,0.0,0.0,0.0,1.0,1.0,0.4990818410756701,1.0,1.0,1.0
CKH0144,1.0,1.0,1.0,0.0,0.0,0.0,1.0,1.0,1.0,1.0,1.0,1.0
CKP0721,1.0,1.0,1.0,0.0,0.0,0.0,1.0,1.0,1.0,1.0,1.0,1.0
CLB0774,1.2011331444759208,1.0,0.21246458923512748,8.464589235127479,0.17280453257790368,20.526912181303118,0.42879173114632124,1.0,0.4299351028173449,1.3649502212026117,0.6751660644055297,4.626994144505556
CLD0894,1.0,1.0,0.0,0.0,0.0,0.0,1.0,1.0,1.0,1.0,1.0,1.0
CLF0852,2.1300578034682083,1.3265895953757225,1.0520231213872833,0.0,0.0,0.0,0.4476910128938103,0.46964487268802885,0.2223952859931339,1.0,1.0,1.0
CLH0703,1.0,1.0,1.0,0.0,0.0,0.0,1.0,1.0,1.0,1.0,1.0,1.0
CLS0296,1.0,1.0,0.0,0.0,0.0,0.0,1.0,1.0,1.0,1.0,1.0,1.0
CMB0912,2.033096926713948,1.2245862884160756,1.08274231678487,0.0,0.0,0.0,0.500086824276722,0.5003891911853702,0.2758185530385999,1.0,1.0,1.0
CMM0487,1.0,1.0,0.0,0.0,0.0,0.0,1.0,1.0,1.0,1.0,1.0,1.0
CMS0454,1.0,1.0,0.4913294797687861,0.0,0.0,0.0,1.0,1.0,0.5006488208845215,1.0,1.0,1.0
CMW0783,1.0,1.0,0.0,0.0,0.0,0.0,1.0,1.0,1.0,1.0,1.0,1.0
CNB0900,1.0,1.0,0.0,0.0,0.0,0.0,1.0,1.0,1.0,1.0,1.0,1.0
CNE0352,1.0,1.0,0.5028901734104047,0.0,0.0,0.0,1.0,1.0,0.5007157480716243,1.0,1.0,1.0
CNM0800,1.0,1.0,0.0,0.0,0.0,0.0,1.0,1.0,1.0,1.0,1.0,1.0
COF0120,1.1203007518796992,1.0,0.13533834586466165,0.0,0.0,0.0,0.34831332641448426,1.0,0.36408489342237965,1.0,1.0,1.0
COM0321,1.0,1.0,1.0,0.0,0.0,0.0,1.0,1.0,1.0,1.0,1.0,1.0
CPG0322,1.453757225433526,1.453757225433526,1.0780346820809248,0.37283236994219654,0.011560693641618497,0.9739884393063584,0.6132831948794576,0.6132831948794576,0.2893924850231424,0.5919866436934778,0.10705216425099409,1.9757705493386823
CQH0701,1.783236994219653,1.0,1.0,0.3959537572254335,0.02023121387283237,0.7023121387283237,0.41263653714483534,1.0,1.0,0.6477482407252484,0.14099420794856785,1.6474293987986668
CQH0730,1.0,1.0,0.4682080924855491,0.0,0.0,0.0,1.0,1.0,0.4997108990796174,1.0,1.0,1.0
CQW0652,1.0,1.0,0.0,2.0428134556574924,0.4740061162079511,2.128440366972477,1.0,1.0,1.0,1.179321594031788,0.6205307741605314,2.000464290117227
CRD0624,1.1111111111111112,1.0,0.4888888888888889,0.0,0.0,0.0,0.3178208630818641,1.0,0.5886124756277652,1.0,1.0,1.0
CRK0916,1.7965616045845272,1.0,0.06876790830945559,0.0,0.0,0.0,0.498722142728787,1.0,0.25342238037555004,1.0,1.0,1.0
CRO0027,1.8448275862068966,1.0344827586206897,0.02586206896551724,0.0,0.0,0.0,0.4479240931704523,0.18272833725237955,0.1589522736566111,1.0,1.0,1.0
CRP0456,1.0,1.0,0.4508670520231214,0.0,0.0,0.0,1.0,1.0,0.4983007062686205,1.0,1.0,1.0
CSB0080,1.0,1.0,0.4624277456647399,0.0,0.0,0.0,1.0,1.0,0.49930839325588433,1.0,1.0,1.0
CSC0217,4.132743362831858,4.115044247787611,3.601769911504425,0.017699115044247787,0.008849557522123894,0.008849557522123894,1.5148339417405805,1.4805417227040611,1.3793102767121477,0.18814417367671946,0.09407208683835973,0.09407208683835973
CSH0626,1.9975062344139651,1.054862842892768,0.6683291770573566,0.0,0.0,0.0,0.5545212039102154,0.2279968062076698,0.6724726398683972,1.0,1.0,1.0
CSJ0340,1.0,1.0,1.0,0.0,0.0,0.0,1.0,1.0,1.0,1.0,1.0,1.0
CSL0949,1.0,1.0,1.0,0.0,0.0,0.0,1.0,1.0,1.0,1.0,1.0,1.0
CSP0197,2.147398843930636,1.3439306358381502,0.005780346820809248,0.0,0.0,0.0,0.4859852057136848,0.4757062006927863,0.07591832580044908,1.0,1.0,1.0
CTA0020,1.846820809248555,1.0722543352601157,0.4624277456647399,8.604046242774567,0.08670520231213873,1.7514450867052023,0.47816528247335266,0.2807528265553745,0.49930839325588433,0.6249738203447224,0.3464053248353822,2.1214052475922696
CTR0341,2.0285132382892055,1.034623217922607,1.2138492871690427,0.0,0.0,0.0,0.5488407349818439,0.18301001029449504,0.4392614972354991,1.0,1.0,1.0
CTR0697,1.7716763005780347,1.0,1.0115606936416186,0.0,0.0,0.0,0.44056099857533343,1.0,0.10705216425099406,1.0,1.0,1.0
CTW0500,1.0,1.0,0.0,0.0,0.0,0.0,1.0,1.0,1.0,1.0,1.0,1.0
CUD0795,1.0,1.0,0.0,0.0,0.0,0.0,1.0,1.0,1.0,1.0,1.0,1.0
CWB0065,2.11271676300578,1.3208092485549132,1.0520231213872833,0.0,0.0,0.0,0.4712119626528728,0.4674636261457023,0.222395285993134,1.0,1.0,1.0
CWR0502,2.0115606936416186,1.23121387283237,0.0,1.0057803468208093,0.0,2.2109826589595376,0.4692076491754315,0.4222194297749104,1.0,0.8409594922198463,1.0,2.5146517123611822
CXC0336,1.0,1.0,1.0,0.0,0.0,0.0,1.0,1.0,1.0,1.0,1.0,1.0
CYA0506,1.0,1.0,0.0,0.0,0.0,0.0,1.0,1.0,1.0,1.0,1.0,1.0
DAG0558,1.0,1.0,0.0,0.0,0.0,0.0,1.0,1.0,1.0,1.0,1.0,1.0
DAL0673,1.8179190751445087,1.0520231213872833,0.4624277456647399,0.9566473988439307,0.014450867052023121,1.0173410404624277,0.455335206143699,0.2223952859931339,0.49930839325588416,0.9268142583683926,0.11951284770836133,1.7444703143238562
DAR0885,1.5263157894736843,1.3421052631578947,0.23684210526315788,0.0,0.0,0.0,0.8297457150451856,0.6271478031521578,0.43085148418274605,1.0,1.0,1.0
DBB0384,1.0,1.0,0.5028901734104047,8.601156069364162,0.046242774566473986,24.690751445086704,1.0,1.0,0.5007157480716243,0.630066795567025,0.2236723509954141,3.0216179582911327
DBG0261,1.0,1.0,1.0,0.0,0.0,0.0,1.0,1.0,1.0,1.0,1.0,1.0
DBS0235,1.0809248554913296,1.0809248554913296,0.5,0.0,0.0,0.0,0.27311463880784304,0.27311463880784304,0.5397261785628773,1.0,1.0,1.0
DBW0483,1.0,1.0,0.0,0.0,0.0,0.0,1.0,1.0,1.0,1.0,1.0,1.0
DCC0160,1.0,1.0,1.0,0.0,0.0,0.0,1.0,1.0,1.0,1.0,1.0,1.0
DCH0843,1.013793103448276,1.0,0.017241379310344827,0.07931034482758621,0.07931034482758621,0.1310344827586207,0.11683288254435256,1.0,0.13039457159939286,0.6475288722343145,0.6475288722343145,1.1631907698107455
DDA0476,1.0,1.0,0.0,0.0,0.0,0.0,1.0,1.0,1.0,1.0,1.0,1.0
DDM0579,1.0,1.0,0.0,0.0,0.0,0.0,1.0,1.0,1.0,1.0,1.0,1.0
DEB0782,1.0,1.0,0.0,0.0,0.0,0.0,1.0,1.0,1.0,1.0,1.0,1.0
DFH0188,2.0289017341040463,1.245664739884393,1.115606936416185,1.1734104046242775,0.12138728323699421,18.153179190751445,0.4495117565774358,0.43110406662471534,0.3202160617655152,0.9594614668876257,0.3357955472857637,11.385584771459369
DFR0218,3.921965317919075,3.921965317919075,3.514450867052023,0.0,0.0,0.0,1.3944954555699565,1.3944954555699565,1.3517865212481712,1.0,1.0,1.0
DGF0443,1.0,1.0,0.47109826589595377,0.0,0.0,0.0,1.0,1.0,0.4998868934647655,1.0,1.0,1.0
DGM0754,1.0,1.0,0.41379310344827586,0.0,0.0,0.0,1.0,1.0,0.5012300141587653,1.0,1.0,1.0
DGN0480,1.0,1.0,0.0,0.0,0.0,0.0,1.0,1.0,1.0,1.0,1.0,1.0
DGW0752,1.7861271676300579,1.0,0.48554913294797686,0.0,0.0,0.0,0.4106319287183705,1.0,0.500514939662477,1.0,1.0,1.0
DHM0937,1.0,1.0,1.0,0.0,0.0,0.0,1.0,1.0,1.0,1.0,1.0,1.0
DIB0081,2.0987654320987654,1.3024691358024691,0.4876543209876543,3.0617283950617282,0.018518518518518517,9.753086419753087,0.46237137265520073,0.4607515622839217,0.5255893387957438,1.0011878536614132,0.13523488754834656,3.4263533453430663
DIB0285,1.0,1.0,0.0,2.125,0.005434782608695652,2.0380434782608696,1.0,1.0,1.0,1.2328052332665522,0.07372097807744855,1.9900485971112212
DIC0988,1.0,1.0,1.0,0.0,0.0,0.0,1.0,1.0,1.0,1.0,1.0,1.0
DID0650,1.0,1.0,0.0,0.0,0.0,0.0,1.0,1.0,1.0,1.0,1.0,1.0
DIW0118,2.1358381502890174,1.3583815028901733,1.060693641618497,1.9739884393063585,0.1994219653179191,3.7976878612716765,0.4327720119282816,0.4802194354746482,0.23911329875315007,1.0254244733721745,0.40732383724217697,2.886167987663165
DJB0159,1.8526011560693643,1.0433526011560694,1.0057803468208093,0.0,0.0,0.0,0.442269047105543,0.20394451492287655,0.07591832580044908,1.0,1.0,1.0
DJS0682,1.0,1.0,0.0,0.0,0.0,0.0,1.0,1.0,1.0,1.0,1.0,1.0
DKB0631,1.0,1.0,0.0,0.0,0.0,0.0,1.0,1.0,1.0,1.0,1.0,1.0
DLF0377,1.0,1.0,0.476878612716763,0.0,0.0,0.0,1.0,1.0,0.5001884540553126,1.0,1.0,1.0
DLH0029,1.0,1.0,1.0,0.0,0.0,0.0,1.0,1.0,1.0,1.0,1.0,1.0
DLM0051,1.963302752293578,1.1720183486238531,1.0504587155963303,8.658256880733944,1.3623853211009174,24.479357798165136,0.44311552173400875,0.3778299314953996,0.2191409993634799,0.6469739912506882,1.2361816621197088,2.7015594560687872
DLS0383,1.7427745664739884,1.0,0.476878612716763,0.0,0.0,0.0,0.43773771650693977,1.0,0.5001884540553128,1.0,1.0,1.0
DMG0358,4.783236994219653,3.9971098265895955,2.621387283236994,0.0,0.0,0.0,1.5101039167299428,1.4595980286690111,1.4359784162360474,1.0,1.0,1.0
DMK0257,2.03125,1.0710227272727273,1.1960227272727273,1.9573863636363635,0.10795454545454546,4.2585227272727275,0.5715382602293416,0.25722844402684647,0.39755102099832956,1.013246728550817,0.32858900311899203,2.9271664155891832
DMM0623,1.7661971830985916,1.0,0.4619718309859155,0.0,0.0,0.0,0.42384561133970666,1.0,0.49925543352559515,1.0,1.0,1.0
DOL0332,1.0,1.0,1.0,0.0,0.0,0.0,1.0,1.0,1.0,1.0,1.0,1.0
DOP0562,1.0,1.0,0.0,0.0,0.0,0.0,1.0,1.0,1.0,1.0,1.0,1.0
DPM0423,1.3208092485549132,1.3208092485549132,0.5028901734104047,3.0809248554913293,0.014450867052023121,4.054913294797688,0.46746362614570236,0.46746362614570236,0.5177910434864169,1.021130524448331,0.11951284770836136,2.926122550554953
DPS0262,1.1238938053097345,1.0,1.1238938053097345,0.0,0.0,0.0,0.3309278989995905,1.0,0.3309278989995905,1.0,1.0,1.0
DRR0162,1.0,1.0,1.0,2.18359375,0.2265625,2.06640625,1.0,1.0,1.0,1.331917523428417,0.47220540146896933,1.9522446545390952
DRR0242,1.0,1.0,0.4796380090497738,0.0,0.0,0.0,1.0,1.0,0.5001513196906684,1.0,1.0,1.0
DSB0731,1.0,1.0,0.4913294797687861,0.0,0.0,0.0,1.0,1.0,0.5006488208845217,1.0,1.0,1.0
DSM0591,1.0,1.0,0.0,0.0,0.0,0.0,1.0,1.0,1.0,1.0,1.0,1.0
DTP0379,1.9364161849710984,1.1734104046242775,0.45664739884393063,0.0,0.0,0.0,0.46501100522854744,0.3791499864687534,0.5103272919188944,1.0,1.0,1.0
DTT0076,1.0,1.0,1.0,0.0,0.0,0.0,1.0,1.0,1.0,1.0,1.0,1.0
DVM0265,1.1502890173410405,1.1502890173410405,1.060693641618497,0.0,0.0,0.0,0.3578720162222433,0.3578720162222433,0.23911329875315007,1.0,1.0,1.0
DVW0103,1.0,1.0,1.0,0.0,0.0,0.0,1.0,1.0,1.0,1.0,1.0,1.0
DZC0228,1.0,1.0,0.42485549132947975,0.0,0.0,0.0,1.0,1.0,0.4950369413080329,1.0,1.0,1.0
EAH0466,1.8571428571428572,1.1142857142857143,0.45714285714285713,0.42857142857142855,0.0,10.228571428571428,0.4936572484949416,0.3228028510906756,0.505432670960188,0.5576059269303897,1.0,12.751206896248071
EBC0390,1.0,1.0,0.4393063583815029,0.0,0.0,0.0,1.0,1.0,0.49702136986691153,1.0,1.0,1.0
ECF0828,1.0,1.0,0.0,0.0,0.0,0.0,1.0,1.0,1.0,1.0,1.0,1.0
ECL0930,1.783236994219653,1.0,1.0,0.0,0.0,0.0,0.41263653714483534,1.0,1.0,1.0,1.0,1.0
ECR0822,1.0,1.0,0.0,0.0,0.0,0.0,1.0,1.0,1.0,1.0,1.0,1.0
EDA0684,1.2571428571428571,1.0857142857142856,0.17142857142857143,0.0,0.0,0.0,0.505432670960188,0.28402864099869063,0.3823852604310971,1.0,1.0,1.0
EDB0714,1.0,1.0,1.0,2.2107438016528924,0.06198347107438017,2.1735537190082646,1.0,1.0,1.0,1.1635046252285486,0.24162527084287636,2.1254345358024946
EFS0882,1.0,1.0,0.0,0.0,0.0,0.0,1.0,1.0,1.0,1.0,1.0,1.0
EGD0132,1.0,1.0,0.0,2.2222222222222223,0.0,2.111111111111111,1.0,1.0,1.0,1.2730150729219682,1.0,2.129662178118352
EGD0409,1.7714285714285714,1.0,0.45714285714285713,0.0,0.0,0.0,0.42142029709507345,1.0,0.4999486098975981,1.0,1.0,1.0
EGK0893,1.0,1.0,0.0,0.0,0.0,0.0,1.0,1.0,1.0,1.0,1.0,1.0
EHB0420,2.2625570776255706,1.3356164383561644,0.6575342465753424,0.0,0.0,0.0,0.625188184160104,0.4727454832180581,0.6673663820125395,1.0,1.0,1.0
EHB0824,1.0314465408805031,1.0,0.031446540880503145,0.08176100628930817,0.08176100628930817,0.0880503144654088,0.20810731310937713,1.0,0.20810731310937713,0.7374996542296507,0.7374996542296507,1.1102722200054018
EHD0584,1.900473933649289,1.113744075829384,0.061611374407582936,0.03317535545023697,0.03317535545023697,0.052132701421800945,0.4826018402597236,0.3182552298608535,0.2600279484310193,0.22644007419023207,0.22644007419023207,0.5274671747148965
EHR0096,1.0,1.0,1.0,0.0,0.0,0.0,1.0,1.0,1.0,1.0,1.0,1.0
EIM0156,1.0,1.0,1.0,0.0,0.0,0.0,1.0,1.0,1.0,1.0,1.0,1.0
EIP0997,1.0,1.0,0.0,0.0,0.0,0.0,1.0,1.0,1.0,1.0,1.0,1.0
EIS0041,4.800578034682081,4.017341040462428,3.592485549132948,3.8236994219653178,2.598265895953757,10.624277456647398,1.4815188880443169,1.4485334450144018,1.3805485807636544,1.6821704963992758,1.411299082444577,7.457931498079151
EJW0884,1.0,1.0,0.0,0.0,0.0,0.0,1.0,1.0,1.0,1.0,1.0,1.0
ELB0847,1.1011560693641618,1.1011560693641618,0.06358381502890173,0.0,0.0,0.0,0.30197196132559107,0.30197196132559107,0.24436345032191195,1.0,1.0,1.0
ELH0960,1.0,1.0,1.0,0.0,0.0,0.0,1.0,1.0,1.0,1.0,1.0,1.0
ELT0769,1.0,1.0,0.0,0.0,0.0,0.0,1.0,1.0,1.0,1.0,1.0,1.0
EMB0531,1.7890173410404624,1.0,0.0,0.0,0.0,0.0,0.40859698402042877,1.0,1.0,1.0,1.0,1.0
EMS0317,1.0,1.0,1.0,0.0,0.0,0.0,1.0,1.0,1.0,1.0,1.0,1.0
EMW0105,1.0,1.0,0.0,0.0,0.0,0.0,1.0,1.0,1.0,1.0,1.0,1.0
EMW0772,1.0433526011560694,1.0433526011560694,0.0,0.37572254335260113,0.0,0.523121387283237,0.20394451492287655,0.20394451492287655,1.0,0.5926019006464158,1.0,1.276674835068734
ENC0234,1.864864864864865,1.111969111969112,0.4826254826254826,0.0,0.0,0.0,0.44141364817990975,0.31593895834293795,0.5006655054428724,1.0,1.0,1.0
ENL0100,1.0,1.0,1.0,0.0,0.0,0.0,1.0,1.0,1.0,1.0,1.0,1.0
EPW0434,1.0,1.0,0.48265895953757226,0.0,0.0,0.0,1.0,1.0,0.5004228755450426,1.0,1.0,1.0
ERH0449,1.0,1.0,0.4797687861271676,0.0,0.0,0.0,1.0,1.0,0.5003140506559252,1.0,1.0,1.0
ESA0642,1.0,1.0,0.0,0.0,0.0,0.0,1.0,1.0,1.0,1.0,1.0,1.0
ESH0135,1.0,1.0,0.0,0.0,0.0,0.0,1.0,1.0,1.0,1.0,1.0,1.0
ESH0283,1.1011560693641618,1.1011560693641618,0.023121387283236993,0.40173410404624277,0.005780346820809248,7.6473988439306355,0.30197196132559095,0.30197196132559095,0.150506669905974,0.6662874853637754,0.1075206661140941,11.407978730766539
ESJ0670,1.0934182590233545,1.0934182590233545,0.44798301486199577,0.39278131634819535,0.006369426751592357,7.012738853503185,0.2913271050451431,0.2913271050451431,0.5062914471903757,0.6463242327020069,0.07963870169690462,10.574550296446796
ESR0693,1.136094674556213,1.136094674556213,0.005917159763313609,1.1715976331360947,0.08284023668639054,3.0118343195266273,0.3439080587717268,0.3439080587717268,0.0769230769230769,1.0294001623664526,0.31660622875372796,3.0530783951075184
ETR0177,1.0,1.0,0.0,0.0,0.0,0.0,1.0,1.0,1.0,1.0,1.0,1.0
ETR0428,1.2052023121387283,1.2052023121387283,0.47109826589595377,0.0,0.0,0.0,0.40443424731399225,0.40443424731399225,0.5225660839118389,1.0,1.0,1.0
EWH0191,1.7716763005780347,1.0,1.0,0.0,0.0,0.0,0.42036018973954803,1.0,1.0,1.0,1.0,1.0
EZH0736,1.0,1.0,0.4624277456647399,0.0,0.0,0.0,1.0,1.0,0.49930839325588433,1.0,1.0,1.0
EZT0640,2.1184971098265897,1.3410404624277457,0.16184971098265896,0.0,0.0,0.0,0.48196944547184145,0.4747454708853602,0.36884628660845137,1.0,1.0,1.0
FAW0032,1.023121387283237,1.0,1.0115606936416186,0.0,0.0,0.0,0.15050666990597392,1.0,0.10705216425099406,1.0,1.0,1.0
FBA0348,1.0057803468208093,1.0,0.005780346820809248,0.0,0.0,0.0,0.07591832580044909,1.0,0.0759183258004491,1.0,1.0,1.0
FBW0747,1.0874316939890711,1.0874316939890711,0.5,0.0,0.0,0.0,0.2828532984997542,0.2828532984997542,0.5061268453279709,1.0,1.0,1.0
FDE0117,1.0,1.0,0.0,0.0,0.0,0.0,1.0,1.0,1.0,1.0,1.0,1.0
FEB0306,2.023121387283237,1.2080924855491328,0.002890173410404624,1.0433526011560694,0.002890173410404624,3.3439306358381504,0.4163855129172306,0.4065312474948834,0.05376033305704704,0.9361495467406794,0.05376033305704705,3.21413195364853
FFC0891,2.287878787878788,1.3484848484848484,0.1414141414141414,2.111111111111111,0.03535353535353535,4.853535353535354,0.5359696800411348,0.47769829621405874,0.3635722652833537,1.0313747061790717,0.23362651060938916,3.1176202407844453
FGW0853,1.2962962962962963,1.1168091168091168,1.1851851851851851,0.0,0.0,0.0,0.5323403454428786,0.32165121398729923,0.4034244944860472,1.0,1.0,1.0
FHO0630,1.0,1.0,0.5,0.0,0.0,0.0,1.0,1.0,0.5007241133410286,1.0,1.0,1.0
FHS0837,1.0,1.0,0.0,0.0,0.0,0.0,1.0,1.0,1.0,1.0,1.0,1.0
FIR0920,1.26878612716763,1.26878612716763,0.049132947976878616,0.0,0.0,0.0,0.4439705244603466,0.4439705244603466,0.216458583811054,1.0,1.0,1.0
FKB0163,1.0,1.0,1.0,0.0,0.0,0.0,1.0,1.0,1.0,1.0,1.0,1.0
FKK0055,1.8448275862068966,1.0538793103448276,0.0,0.3706896551724138,0.0,1.2952586206896552,0.4330503245584847,0.22602307476661126,1.0,0.6063760911787567,1.0,2.478656000763299
FLM0213,1.0,1.0,1.0,0.0,0.0,0.0,1.0,1.0,1.0,1.0,1.0,1.0
FMG0527,1.0148148148148148,1.0,0.014814814814814815,0.044444444444444446,0.044444444444444446,0.08518518518518518,0.12103550649189669,1.0,0.12103550649189669,0.43740815994800025,0.43740815994800025,0.9888612743221643
FOB0756,2.1458823529411766,1.3341176470588236,0.0,0.36470588235294116,0.0,0.38823529411764707,0.4830995007614478,0.4722369840931498,1.0,0.5957209605336125,1.0,1.2237249587610706
FPC0954,1.0,1.0,1.0,0.0,0.0,0.0,1.0,1.0,1.0,1.0,1.0,1.0
FQA0854,1.0144508670520231,1.0144508670520231,1.0,0.0,0.0,0.0,0.1195128477083614,0.1195128477083614,1.0,1.0,1.0,1.0
FRB0023,1.0,1.0,1.0,0.0,0.0,0.0,1.0,1.0,1.0,1.0,1.0,1.0
FRL0511,1.0,1.0,0.0,0.0,0.0,0.0,1.0,1.0,1.0,1.0,1.0,1.0
FRR0832,1.0,1.0,0.0,0.0,0.0,0.0,1.0,1.0,1.0,1.0,1.0,1.0
FSB0399,1.0,1.0,0.4597014925373134,0.0,0.0,0.0,1.0,1.0,0.49911889475910437,1.0,1.0,1.0
FSC0601,1.0588235294117647,1.0588235294117647,0.4444444444444444,2.0718954248366015,0.006535947712418301,2.133986928104575,0.2356795300554856,0.2356795300554856,0.49771792510320007,1.1824097382160634,0.08071256640484349,2.0094094523938
FTM0406,1.0121951219512195,1.0,0.5121951219512195,0.07317073170731707,0.07317073170731707,0.13414634146341464,0.10997986149878161,1.0,0.5089541683152771,0.7247319753107556,0.7247319753107556,1.518018540302076
FUM0015,1.0,1.0,0.0,0.0,0.0,0.0,1.0,1.0,1.0,1.0,1.0,1.0
FWM0707,1.0809248554913296,1.0809248554913296,1.0144508670520231,0.0,0.0,0.0,0.2731146388078428,0.2731146388078428,0.11951284770836139,1.0,1.0,1.0
FXF0957,1.0,1.0,1.0,0.0,0.0,0.0,1.0,1.0,1.0,1.0,1.0,1.0
GAF0060,1.0,1.0,0.45375722543352603,0.0,0.0,0.0,1.0,1.0,0.4985780232195327,1.0,1.0,1.0
GAF0570,1.829479768786127,1.0578034682080926,0.0,0.0,0.0,0.0,0.44701686366523774,0.23370941102046108,1.0,1.0,1.0,1.0
GBM0603,1.0,1.0,0.453416149068323,0.0,0.0,0.0,1.0,1.0,0.49860004084965726,1.0,1.0,1.0
GCC0744,1.0,1.0,0.48554913294797686,0.0,0.0,0.0,1.0,1.0,0.500514939662477,1.0,1.0,1.0
GCC0945,1.0,1.0,1.0,0.0,0.0,0.0,1.0,1.0,1.0,1.0,1.0,1.0
GCG0951,1.8959537572254335,1.0953757225433527,1.0144508670520231,0.0,0.0,0.0,0.42479094691394415,0.2941585944915508,0.11951284770836139,1.0,1.0,1.0
GCL0016,1.8530927835051547,1.0463917525773196,0.4948453608247423,0.34536082474226804,0.0,0.5128865979381443,0.42719652377090817,0.21060358964924578,0.5006189727426392,0.6261354533191629,1.0,1.3855432679326405
GCR0554,1.0,1.0,0.47109826589595377,0.0,0.0,0.0,1.0,1.0,0.4998868934647654,1.0,1.0,1.0
GCS0518,1.0,1.0,0.0,0.0,0.0,0.0,1.0,1.0,1.0,1.0,1.0,1.0
GCS0571,1.8179190751445087,1.0375722543352601,0.008670520231213872,0.3988439306358382,0.005780346820809248,1.630057803468208,0.4223087054602923,0.1904347481813738,0.09284533561690393,0.6018318354660606,0.10752066611409408,2.8400078581458583
GDF0704,1.8583815028901733,1.0664739884393064,1.0057803468208093,0.0,0.0,0.0,0.4241297779293865,0.24946957216738797,0.07591832580044906,1.0,1.0,1.0
GHH0288,1.160919540229885,1.1350574712643677,0.03735632183908046,2.057471264367816,0.005747126436781609,4.491379310344827,0.37573561182262016,0.3422770792691364,0.18990645214185456,1.05586133312641,0.07570048951464117,3.032472734817136
GHL0460,1.0131004366812226,1.0,0.4847161572052402,0.048034934497816595,0.048034934497816595,0.17903930131004367,0.11395402831837016,1.0,0.5095427368325962,0.47972769926375397,0.47972769926375397,1.9167536845002082
GJD0298,1.0,1.0,0.0,0.0,0.0,0.0,1.0,1.0,1.0,1.0,1.0,1.0
GJT0386,1.0,1.0,0.4595375722543353,0.0,0.0,0.0,1.0,1.0,0.4990818410756701,1.0,1.0,1.0
GKO0078,2.1502890173410405,1.3670520231213872,1.0549132947976878,1.0491329479768785,0.11560693641618497,2.722543352601156,0.44456450306595313,0.4826989131581001,0.22814086291145302,0.9011502148975139,0.37056839437311484,2.827076208633126
GLR0975,1.7658959537572254,1.0,0.45664739884393063,0.0,0.0,0.0,0.42405076348541804,1.0,0.4988383926470793,1.0,1.0,1.0
GMF0738,1.0,1.0,0.48265895953757226,0.0,0.0,0.0,1.0,1.0,0.5004228755450429,1.0,1.0,1.0
GNS0178,1.9425287356321839,1.0747126436781609,1.0948275862068966,0.4367816091954023,0.04310344827586207,8.761494252873563,0.5060173212759123,0.2633056937666485,0.31242608188681725,0.6739474564608321,0.20338240890796042,12.183184426708106
GNZ0953,1.7803468208092486,1.0,1.0,0.0,0.0,0.0,0.41461124931956084,1.0,1.0,1.0,1.0,1.0
GOK0238,1.0,1.0,0.5186721991701245,0.0,0.0,0.0,1.0,1.0,0.500691085333289,1.0,1.0,1.0
GQF0659,1.0,1.0,0.0,0.0,0.0,0.0,1.0,1.0,1.0,1.0,1.0,1.0
GQP0743,1.0,1.0,0.47398843930635837,0.0,0.0,0.0,1.0,1.0,0.5000460731055507,1.0,1.0,1.0
GRC0145,1.0,1.0,0.0,0.0,0.0,0.0,1.0,1.0,1.0,1.0,1.0,1.0
GRM0868,1.0,1.0,1.0,0.0,0.0,0.0,1.0,1.0,1.0,1.0,1.0,1.0
GTD0116,1.0,1.0,0.0,0.0,0.0,0.0,1.0,1.0,1.0,1.0,1.0,1.0
GTD0219,4.1525423728813555,4.135593220338983,3.6016949152542375,4.059322033898305,2.5677966101694913,10.85593220338983,1.4654255742185645,1.4554069788693738,1.390688389512928,1.63452271128253,1.3742367800018227,6.989950568682823
GTD0898,1.0,1.0,0.0,0.0,0.0,0.0,1.0,1.0,1.0,1.0,1.0,1.0
GZB0469,1.0,1.0,0.48265895953757226,0.0,0.0,0.0,1.0,1.0,0.5004228755450429,1.0,1.0,1.0
GZC0735,2.0325814536340854,1.2406015037593985,0.48621553884711777,0.9949874686716792,0.002506265664160401,0.7619047619047619,0.3901308925521149,0.42798539295243193,0.5054332572624027,0.876823261841226,0.05006261743217591,1.418099932318803
HAC0282,1.0,1.0,0.0,0.0,0.0,0.0,1.0,1.0,1.0,1.0,1.0,1.0
HAD0246,2.119433198380567,1.1437246963562753,0.6356275303643725,0.4331983805668016,0.008097165991902834,0.6376518218623481,0.5660321332336493,0.35116597024573687,0.6716709741354916,0.6293941620918189,0.08971005058819377,1.5576414245686239
HAH0248,1.0,1.0,0.4508670520231214,0.0,0.0,0.0,1.0,1.0,0.4983007062686206,1.0,1.0,1.0
HAH0760,1.7658959537572254,1.0,0.0,1.9566473988439306,0.0,5.491329479768786,0.42405076348541804,1.0,1.0,1.063695650847034,1.0,3.134878121403759
HAM0985,1.0,1.0,1.0,0.0,0.0,0.0,1.0,1.0,1.0,1.0,1.0,1.0
HAV0121,1.0,1.0,0.0,0.0,0.0,0.0,1.0,1.0,1.0,1.0,1.0,1.0
HBB0056,1.0,1.0,0.0,0.0,0.0,0.0,1.0,1.0,1.0,1.0,1.0,1.0
HBO0413,1.0,1.0,0.4953560371517028,2.195046439628483,0.021671826625386997,2.1393188854489162,1.0,1.0,0.5007541953376149,1.2813910268435518,0.14583553671520993,2.046608048353747
HCC0344,1.0,1.0,1.0,0.0,0.0,0.0,1.0,1.0,1.0,1.0,1.0,1.0
HCL0113,1.0,1.0,0.0,0.0,0.0,0.0,1.0,1.0,1.0,1.0,1.0,1.0
HCL0651,1.861271676300578,1.0751445086705202,0.017341040462427744,1.9132947976878614,0.523121387283237,2.0895953757225434,0.3932069575748855,0.26400616360046075,0.1307276597948423,0.9681879742189187,0.6377383701022533,2.219950739336349
HCM0267,1.0,1.0,1.0,8.624277456647398,0.5780346820809249,23.604046242774565,1.0,1.0,1.0,0.6834610754353551,0.7027751688300475,3.1294553562626373
HCS0003,1.0,1.0,0.0,2.9104046242774566,0.0,8.800578034682081,1.0,1.0,1.0,1.013277854153383,1.0,3.1398513231639007
HCV0478,1.7658959537572254,1.0,0.0,0.0,0.0,0.0,0.4240507634854181,1.0,1.0,1.0,1.0,1.0
HCW0419,1.7890173410404624,1.0,0.49421965317919075,0.0,0.0,0.0,0.4085969840204289,1.0,0.5006906514248367,1.0,1.0,1.0
HDD0789,1.0,1.0,1.0,0.0,0.0,0.0,1.0,1.0,1.0,1.0,1.0,1.0
HDD0806,1.9131355932203389,1.1122881355932204,0.038135593220338986,0.0,0.0,0.0,0.4308648275528565,0.34187173323057746,0.20249798469304042,1.0,1.0,1.0
HDH0928,1.0,1.0,0.0,1.9971098265895955,0.2023121387283237,4.557803468208093,1.0,1.0,1.0,1.0425680526588652,0.4164659816614192,3.0328366836460376
HDJ0446,1.0,1.0,0.476878612716763,0.0,0.0,0.0,1.0,1.0,0.5001884540553129,1.0,1.0,1.0
HDL0748,1.0,1.0,0.43641618497109824,0.0,0.0,0.0,1.0,1.0,0.49665885433802537,1.0,1.0,1.0
HDS0367,4.783236994219653,3.9884393063583814,2.6445086705202314,3.9421965317919074,2.514450867052023,9.84393063583815,1.5004760351557558,1.4284416939858626,1.3591073012997708,1.7518883647146923,1.3624655248022268,6.667153370857534
HFB0347,1.0,1.0,1.0,0.36363636363636365,0.045454545454545456,6.5,1.0,1.0,1.0,0.6199807095334264,0.20869452501236066,10.329550802036998
HGG0240,1.0,1.0,0.48554913294797686,0.0,0.0,0.0,1.0,1.0,0.500514939662477,1.0,1.0,1.0
HGH0595,1.0,1.0,0.0,0.0,0.0,0.0,1.0,1.0,1.0,1.0,1.0,1.0
HGN0287,1.0,1.0,0.0,0.0,0.0,0.0,1.0,1.0,1.0,1.0,1.0,1.0
HIA0414,1.0,1.0,0.48265895953757226,0.0,0.0,0.0,1.0,1.0,0.5004228755450428,1.0,1.0,1.0
HIW0536,1.0,1.0,0.4682080924855491,0.0,0.0,0.0,1.0,1.0,0.4997108990796172,1.0,1.0,1.0
HJA0018,1.760115606936416,1.0,0.4884393063583815,0.0,0.0,0.0,0.427631140579587,1.0,0.5005902522557052,1.0,1.0,1.0
HJB0742,1.8429752066115703,1.0702479338842976,0.5247933884297521,0.024793388429752067,0.024793388429752067,0.02066115702479339,0.46465557605821367,0.27181413838428087,0.532555257567461,0.22175497364850355,0.22175497364850355,0.23132931937745158
HJS0072,1.84,1.08,0.52,1.04,0.0,3.28,0.5537749241945383,0.2768874620972692,0.5099019513592785,0.8888194417315589,1.0,3.208322510804257
HKB0418,1.0,1.0,0.4457831325301205,0.0,0.0,0.0,1.0,1.0,0.4978021069869746,1.0,1.0,1.0
HKF0831,1.0,1.0,0.0,0.0,0.0,0.0,1.0,1.0,1.0,1.0,1.0,1.0
HKI0171,1.0,1.0,1.0,0.0,0.0,0.0,1.0,1.0,1.0,1.0,1.0,1.0
HKR0628,2.0491329479768785,1.2947976878612717,0.4884393063583815,0.0,0.0,0.0,0.42448516091710486,0.4566120855083882,0.5396019929525445,1.0,1.0,1.0
HLH0512,1.0182926829268293,1.0182926829268293,0.0,0.0,0.0,0.0,0.13414408350663135,0.13414408350663135,1.0,1.0,1.0,1.0
HLM0933,1.0,1.0,1.0,0.0,0.0,0.0,1.0,1.0,1.0,1.0,1.0,1.0
HMM0108,2.1818181818181817,1.4545454545454546,0.01818181818181818,1.8181818181818181,0.01818181818181818,6.2727272727272725,0.38924947208076155,0.502518907629606,0.1348399724926484,0.883823953706156,0.13483997249264837,2.850955300937938
HMW0713,1.0,1.0,1.0,0.0,0.0,0.0,1.0,1.0,1.0,1.0,1.0,1.0
HOB0994,1.0,1.0,0.0,0.0,0.0,0.0,1.0,1.0,1.0,1.0,1.0,1.0
HPH0075,1.7846534653465347,1.0,0.49257425742574257,7.871287128712871,0.07425742574257425,23.076732673267326,0.4115722184867986,1.0,0.5005647499713092,0.9494767145625266,0.4613398257339648,3.160166659835722
HPM0986,1.0,1.0,1.0,0.0,0.0,0.0,1.0,1.0,1.0,1.0,1.0,1.0
HPR0585,1.754335260115607,1.0,0.0,0.0,0.0,0.0,0.4311040666247153,1.0,1.0,1.0,1.0,1.0
HRB0351,1.887728459530026,1.0966057441253263,0.44386422976501305,0.3472584856396867,0.005221932114882507,6.950391644908616,0.4406454207247999,0.2958065886228327,0.5231376365296133,0.5896458725368938,0.07216829037412606,10.903678403446875
HRD0635,2.3555555555555556,1.5222222222222221,0.14444444444444443,0.0,0.0,0.0,0.5670961139849918,0.6038784344100789,0.35350924883761226,1.0,1.0,1.0
HRL0540,1.8583815028901733,1.0722543352601157,0.05202312138728324,8.578034682080926,2.505780346820809,5.135838150289017,0.44415917515487224,0.2592835257402242,0.222395285993134,0.9362166595272033,1.4729330290730718,2.96775697613213
HRW0550,1.0,1.0,0.48554913294797686,0.0,0.0,0.0,1.0,1.0,0.5005149396624772,1.0,1.0,1.0
HSB0196,1.04,1.0,0.04,8.010526315789473,0.0863157894736842,24.477894736842106,0.20664080415283004,1.0,0.2066408041528301,0.9220086406198957,0.3420620413770145,2.8189076402491344
HSD0457,1.0,1.0,0.47398843930635837,0.0,0.0,0.0,1.0,1.0,0.5000460731055506,1.0,1.0,1.0
HSG0818,1.7890173410404624,1.0,0.0,0.0,0.0,0.0,0.4085969840204289,1.0,1.0,1.0,1.0,1.0
HSP0290,1.0,1.0,0.0,0.0,0.0,0.0,1.0,1.0,1.0,1.0,1.0,1.0
HTF0641,1.0,1.0,0.0,0.0,0.0,0.0,1.0,1.0,1.0,1.0,1.0,1.0
HTH0007,1.7716763005780347,1.0057803468208093,1.0028901734104045,0.0,0.0,0.0,0.42719994214318907,0.07591832580044906,0.05376033305704704,1.0,1.0,1.0
HVB0037,1.0,1.0,1.0,0.0,0.0,0.0,1.0,1.0,1.0,1.0,1.0,1.0
HVF0067,1.8410404624277457,1.046242774566474,0.48554913294797686,2.005780346820809,0.014450867052023121,5.8468208092485545,0.4109276371768241,0.21031457189301062,0.5175968597017944,0.9660744402355341,0.11951284770836137,3.2153984146446066
HWH0646,1.8179190751445087,1.0,0.0,0.0,0.0,0.0,0.3864700964643594,1.0,1.0,1.0,1.0,1.0
HWM0342,1.0549132947976878,1.0549132947976878,1.0028901734104045,0.0,0.0,0.0,0.22814086291145302,0.22814086291145302,0.053760333057047034,1.0,1.0,1.0
HWW0436,2.1469740634005765,1.3054755043227666,0.5273775216138329,1.9135446685878963,0.0345821325648415,3.5878962536023056,0.5028942900405674,0.4612736719234994,0.5701888784126854,0.9962448860591213,0.19814905355690401,2.8172000428956263
HWY0038,4.157407407407407,4.157407407407407,3.685185185185185,0.0,0.0,0.0,1.408665020819072,1.408665020819072,1.2799543519032388,1.0,1.0,1.0
HXL0968,1.0,1.0,1.0,2.2180094786729856,0.23222748815165878,2.2606635071090047,1.0,1.0,1.0,1.348670534056979,0.495795911739847,2.143276871553957
IAR0694,2.118811881188119,1.3341584158415842,0.024752475247524754,0.0,0.0,0.0,0.45189710313165843,0.47228028715078846,0.155562496895968,1.0,1.0,1.0
IAT0263,1.0,1.0,1.0,0.0,0.0,0.0,1.0,1.0,1.0,1.0,1.0,1.0
IBB0359,4.829971181556196,3.9798270893371757,2.5706051873198845,11.340057636887607,2.4755043227665707,9.219020172910662,1.5214917950498748,1.4454021078068497,1.3653644762190749,1.6358282613754507,1.416808457223851,6.225380288047128
IBB0696,1.8410404624277457,1.060693641618497,1.0057803468208093,2.046242774566474,0.08959537572254335,2.8497109826589595,0.4447999890311424,0.23911329875315016,0.07591832580044906,1.037360244621681,0.31495361219333007,2.5999916226722712
IBM0671,1.7890173410404624,1.0404624277456647,0.4913294797687861,0.4190751445086705,0.005780346820809248,2.3179190751445087,0.4225466817395934,0.1973265226857463,0.5006488208845219,0.6598948182464606,0.07591832580044908,3.7054714350202493
IBP0883,1.982905982905983,1.0,0.2222222222222222,0.0,0.0,0.0,0.5603504920963968,1.0,0.44933813760325514,1.0,1.0,1.0
IBS0836,1.8802083333333333,1.0416666666666667,0.08072916666666667,1.0104166666666667,0.1171875,1.625,0.44100994741193217,0.20008701327364017,0.2821837439704555,0.887920581524533,0.3455293078900341,2.2284652658844064
ICH0294,1.239884393063584,1.239884393063584,0.002890173410404624,1.9248554913294798,0.0,7.2514450867052025,0.427631140579587,0.427631140579587,0.05376033305704704,1.015882914020481,1.0,3.5078067293679376
ICS0956,1.0,1.0,1.0,0.0,0.0,0.0,1.0,1.0,1.0,1.0,1.0,1.0
IDO0176,1.0,1.0,1.0,0.0,0.0,0.0,1.0,1.0,1.0,1.0,1.0,1.0
IEB0153,1.0295698924731183,1.0295698924731183,0.0,0.0,0.0,0.0,0.16962564762141866,0.16962564762141866,1.0,1.0,1.0,1.0
IHK0841,1.0,1.0,0.0,0.0,0.0,0.0,1.0,1.0,1.0,1.0,1.0,1.0
IIA0092,1.0,1.0,1.0,0.0,0.0,0.0,1.0,1.0,1.0,1.0,1.0,1.0
IIL0513,1.0,1.0,0.0,0.0,0.0,0.0,1.0,1.0,1.0,1.0,1.0,1.0
IIW0249,1.0957178841309825,1.0528967254408061,0.5214105793450882,8.501259445843829,0.10327455919395466,1.1914357682619647,0.29457519663454274,0.22410973573422985,0.5529261236102188,1.2403662809028226,0.5336309375000586,1.7819598800679963
IJM0139,1.0,1.0,0.0,0.0,0.0,0.0,1.0,1.0,1.0,1.0,1.0,1.0
IJM0444,2.132564841498559,1.345821325648415,0.5446685878962536,1.07492795389049,0.011527377521613832,5.302593659942363,0.5426919023177259,0.47632213598757234,0.5588428302516932,0.8964475057874308,0.10689915416690554,4.277656584467921
IJM0776,1.0,1.0,0.0,2.046783625730994,0.0,2.0116959064327484,1.0,1.0,1.0,1.3364257224890226,1.0,2.063658385128836
IJR0825,1.0,1.0,0.0,0.0,0.0,0.0,1.0,1.0,1.0,1.0,1.0,1.0
IJW0851,1.0,1.0,0.9508670520231214,0.0,0.0,0.0,1.0,1.0,0.21645858381105412,1.0,1.0,1.0
IKP0472,2.0525252525252524,1.2545454545454546,0.4767676767676768,1.0484848484848486,0.014141414141414142,1.6404040404040403,0.4330345411565957,0.43604607509971227,0.5159065529945603,0.9338834980487993,0.11819329961939144,2.304717885724231
IKR0401,1.0,1.0,0.4843205574912892,1.9825783972125435,0.0975609756097561,1.9303135888501741,1.0,1.0,0.500627028194772,1.1418805676253974,0.3087777205523973,1.9383922685134916
ILC0838,1.0,1.0,0.0,0.0,0.0,0.0,1.0,1.0,1.0,1.0,1.0,1.0
ILH0958,2.1300578034682083,1.346820809248555,1.1127167630057804,0.43352601156069365,0.057803468208092484,8.583815028901734,0.5083288871573592,0.5604902173451671,0.36753801437136013,0.6615114407763177,0.23370941102046122,11.985506871575568
ILJ0526,2.168,1.3973333333333333,0.0,1.008,0.0,3.296,0.512976008236972,0.5659626537945733,1.0,0.8970778467343871,1.0,3.2342353153205017
ILR0304,1.0,1.0,0.0,0.0,0.0,0.0,1.0,1.0,1.0,1.0,1.0,1.0
IMB0481,1.0,1.0,0.0,0.0,0.0,0.0,1.0,1.0,1.0,1.0,1.0,1.0
IMG0320,1.0,1.0,1.0,0.0,0.0,0.0,1.0,1.0,1.0,1.0,1.0,1.0
IMP0530,1.0,1.0,0.0,0.0,0.0,0.0,1.0,1.0,1.0,1.0,1.0,1.0
IRM0931,2.219206680584551,1.3444676409185803,1.1377870563674322,1.0542797494780793,0.11064718162839249,4.755741127348643,0.5372783157494105,0.47569117132641414,0.37412674971596505,0.9039531110714957,0.3457321966895971,3.965969706802051
IRT0491,1.0,1.0,0.0,0.0,0.0,0.0,1.0,1.0,1.0,1.0,1.0,1.0
IUB0565,1.0,1.0,0.0,2.111111111111111,0.0,2.1495726495726495,1.0,1.0,1.0,1.1848672280539947,1.0,1.995450788900233
IUY0279,1.800578034682081,1.0520231213872833,0.011560693641618497,0.0,0.0,0.0,0.44799030913775767,0.22239528599313402,0.1070521642509941,1.0,1.0,1.0
IWM0816,1.7976878612716762,1.0,0.0,0.0,0.0,0.0,0.4023054945966547,1.0,1.0,1.0,1.0,1.0
IYB0918,1.0,1.0,0.0,0.0,0.0,0.0,1.0,1.0,1.0,1.0,1.0,1.0
JAD0609,1.2658959537572254,1.2658959537572254,0.5057803468208093,0.0,0.0,0.0,0.4424489563758438,0.4424489563758438,0.5177667744960596,1.0,1.0,1.0
JAJ0849,2.0382882882882885,1.1689189189189189,0.13963963963963963,0.0,0.0,0.0,0.4945506638759862,0.37510293871146866,0.3659994891457486,1.0,1.0,1.0
JAM0382,1.0,1.0,0.4508670520231214,0.0,0.0,0.0,1.0,1.0,0.4983007062686203,1.0,1.0,1.0
JAV0361,4.0,4.0,2.606936416184971,0.0,0.0,0.0,1.3662601021279468,1.3662601021279468,1.3731834932339915,1.0,1.0,1.0
JBD0616,1.8497109826589595,1.046242774566474,0.48265895953757226,8.644508670520231,0.06936416184971098,0.9797687861271677,0.39630529550001026,0.21031457189301056,0.5004228755450426,0.6353694953149529,0.2655880001851343,1.6069219667596668
JBM0350,1.24,1.0457142857142858,0.7114285714285714,0.0,0.0,0.0,0.4599738375517587,0.20916378351429657,0.7098453879726441,1.0,1.0,1.0
JCC0225,3.9739884393063583,3.9739884393063583,3.5635838150289016,0.0,0.0,0.0,1.4149982290701852,1.4149982290701852,1.3589223736447786,1.0,1.0,1.0
JCG0316,2.121387283236994,1.3554913294797688,1.0433526011560694,2.014450867052023,0.07803468208092486,6.245664739884393,0.44689503389059504,0.47935514193394974,0.2039445149228765,1.0368957932139342,0.27919689994445546,3.4127291544272533
JCR0172,1.7764127764127764,1.0,1.0,0.4176904176904177,0.012285012285012284,0.9975429975429976,0.4171613037350159,1.0,1.0,0.652755864924757,0.11029042424988245,2.022653443671437
JCR0289,1.0,1.0,0.0,0.0,0.0,0.0,1.0,1.0,1.0,1.0,1.0,1.0
JCR0770,1.0,1.0,0.0,0.0,0.0,0.0,1.0,1.0,1.0,1.0,1.0,1.0
JCR0921,1.0,1.0,0.0,0.0,0.0,0.0,1.0,1.0,1.0,1.0,1.0,1.0
JCV0245,1.0,1.0,0.4624277456647399,0.0,0.0,0.0,1.0,1.0,0.4993083932558841,1.0,1.0,1.0
JCW0858,1.0,1.0,1.0,0.0,0.0,0.0,1.0,1.0,1.0,1.0,1.0,1.0
JDB0169,1.7919075144508672,1.0,1.0,7.927745664739884,0.3930635838150289,22.517341040462426,0.40653124749488334,1.0,1.0,0.9250047263780499,0.7274002797359052,3.379561738912664
JDC0030,1.8742138364779874,1.0733752620545074,0.016771488469601678,0.39832285115303984,0.025157232704402517,1.5178197064989518,0.44071377882948765,0.26102523232008984,0.128549013739056,0.6551647722072925,0.15676692279649515,2.810954909855561
JDF0593,2.1352785145888595,1.2042440318302388,0.20159151193633953,8.36339522546419,0.3660477453580902,1.0689655172413792,0.5745044019514712,0.40368386603174955,0.42111505065149113,1.5550320292516226,0.7283860969465006,1.7474958501090072
JER0404,1.0,1.0,0.43641618497109824,0.0,0.0,0.0,1.0,1.0,0.4966588543380255,1.0,1.0,1.0
JFC0557,1.777456647398844,1.0,0.0,4.043352601156069,0.014450867052023121,8.205202312138729,0.41655649041793497,1.0,1.0,1.0527392990830133,0.11951284770836142,3.0685079392831796
JFC0757,1.0,1.0,0.0,0.0,0.0,0.0,1.0,1.0,1.0,1.0,1.0,1.0
JGM0934,1.8034682080924855,1.0,1.0,0.0,0.0,0.0,0.3979506857158401,1.0,1.0,1.0,1.0,1.0
JGT0221,4.2773722627737225,4.262773722627737,3.802919708029197,0.014598540145985401,0.0072992700729927005,0.0072992700729927005,1.4789201496128421,1.4565777426834767,1.4237451443825386,0.1708715315433522,0.0854357657716761,0.0854357657716761
JHP0583,2.1113861386138613,1.2202970297029703,0.13613861386138615,2.022277227722772,0.05198019801980198,3.9331683168316833,0.4777626303134336,0.4149608022279893,0.36439683409549306,0.9669469295889134,0.24356948474657605,2.9144951103534362
JIG0128,1.0,1.0,0.0,0.0,0.0,0.0,1.0,1.0,1.0,1.0,1.0,1.0
JIM0095,1.0,1.0,1.0,0.0,0.0,0.0,1.0,1.0,1.0,1.0,1.0,1.0
JJB0127,1.0,1.0,0.0,0.0,0.0,0.0,1.0,1.0,1.0,1.0,1.0,1.0
JJB0700,1.0722543352601157,1.0722543352601157,1.0086705202312138,0.0,0.0,0.0,0.2592835257402242,0.2592835257402242,0.09284533561690393,1.0,1.0,1.0
JJH0292,1.8693181818181819,1.0909090909090908,0.002840909090909091,0.0,0.0,0.0,0.45912289835493464,0.28788901139168704,0.05330017908890261,1.0,1.0,1.0
JJH0613,2.054913294797688,1.260115606936416,0.49421965317919075,3.031791907514451,0.031791907514450865,4.742774566473988,0.4237740969125418,0.43933281226153664,0.5288446233730698,1.0393006135222163,0.17569975227305995,2.7965335355935004
JJM0203,2.009478672985782,1.2417061611374407,1.0568720379146919,2.028436018957346,0.24644549763033174,2.014218009478673,0.4679287830125048,0.42913526440078986,0.23214871613876042,1.1988672905750424,0.44285241077545484,2.0411916990438557
JKB0126,1.0,1.0,0.0,0.0,0.0,0.0,1.0,1.0,1.0,1.0,1.0,1.0
JKF0465,1.0,1.0,0.4642857142857143,0.0,0.0,0.0,1.0,1.0,0.4993176387131117,1.0,1.0,1.0
JKJ0698,1.0680272108843538,1.0680272108843538,1.0272108843537415,0.0,0.0,0.0,0.2520785577114503,0.2520785577114503,0.16288220358559102,1.0,1.0,1.0
JKM0303,1.0,1.0,0.0,0.0,0.0,0.0,1.0,1.0,1.0,1.0,1.0,1.0
JLM0364,3.9223880597014924,3.916417910447761,2.555223880597015,0.005970149253731343,0.0029850746268656717,0.0029850746268656717,1.4184225124444043,1.4138532958525873,1.3610584537036132,0.10927167294163061,0.054635836470815304,0.054635836470815304
JLW0053,1.0,1.0,0.48265895953757226,0.0,0.0,0.0,1.0,1.0,0.5004228755450427,1.0,1.0,1.0
JMB0308,1.026143790849673,1.0,1.026143790849673,0.05228758169934641,0.05228758169934641,0.06535947712418301,0.16008683574123192,1.0,0.16008683574123192,0.4259795163286767,0.4259795163286767,0.8084520834544432
JMC0925,2.2257142857142855,1.2971428571428572,0.18,0.0,0.0,0.0,0.5892265131080647,0.4700092752152606,0.39935478047430345,1.0,1.0,1.0
JMD0520,2.0086206896551726,1.1408045977011494,0.09482758620689655,1.9080459770114941,0.022988505747126436,5.439655172413793,0.5603985251638901,0.38748644937781074,0.29339849883994684,1.0029602743883028,0.18453221452101984,3.228891887355867
JMH0543,1.7719298245614035,1.0,0.5087719298245614,0.0,0.0,0.0,0.4205112834955866,1.0,0.5010229893533594,1.0,1.0,1.0
JMK0099,2.1242774566473988,1.3439306358381502,1.0549132947976878,0.407514450867052,0.031791907514450865,1.6040462427745665,0.4620561148058261,0.4757062006927865,0.22814086291145308,0.6968676551369523,0.1756997522730599,2.906641238716783
JML0909,1.7947976878612717,1.0,0.0,0.0,0.0,0.0,0.4044342473139926,1.0,1.0,1.0,1.0,1.0
JMW0638,1.0,1.0,0.0,0.0,0.0,0.0,1.0,1.0,1.0,1.0,1.0,1.0
JNA0559,1.0,1.0,0.0,0.0,0.0,0.0,1.0,1.0,1.0,1.0,1.0,1.0
JNJ0556,0.9971098265895953,0.9971098265895953,0.0,8.679190751445086,0.005780346820809248,23.05491329479769,0.053760333057047034,0.053760333057047034,1.0,0.5931741524228972,0.07591832580044908,3.0936853157747213
JOL0024,1.0,1.0,1.0,0.0,0.0,0.0,1.0,1.0,1.0,1.0,1.0,1.0
JOM0750,1.0,1.0,0.42485549132947975,0.0,0.0,0.0,1.0,1.0,0.4950369413080332,1.0,1.0,1.0
JPA0667,1.0,1.0,0.49710982658959535,0.0,0.0,0.0,1.0,1.0,0.5007157480716243,1.0,1.0,1.0
JPW0741,1.0,1.0,0.47109826589595377,0.0,0.0,0.0,1.0,1.0,0.4998868934647654,1.0,1.0,1.0
JRF0835,1.0,1.0,0.0,0.0,0.0,0.0,1.0,1.0,1.0,1.0,1.0,1.0
JRG0207,1.0177304964539007,1.0,1.0141843971631206,0.08156028368794327,0.08156028368794327,0.09574468085106383,0.13220478450231768,1.0,0.11846080498613326,0.7235836907800703,0.7235836907800703,0.9288091591673182
JRH0455,1.0,1.0,0.509090909090909,0.0,0.0,0.0,1.0,1.0,0.5045249791095131,1.0,1.0,1.0
JRL0574,1.0,1.0,0.0,0.0,0.0,0.0,1.0,1.0,1.0,1.0,1.0,1.0
JRS0362,4.011560693641618,4.011560693641618,2.5578034682080926,0.0,0.0,0.0,1.43451628692916,1.43451628692916,1.4094339809904353,1.0,1.0,1.0
JSA0775,1.0,1.0,0.0,0.0,0.0,0.0,1.0,1.0,1.0,1.0,1.0,1.0
JSH0330,1.0,1.0,1.0,0.0,0.0,0.0,1.0,1.0,1.0,1.0,1.0,1.0
JTM0223,5.267605633802817,4.422535211267606,3.732394366197183,0.014084507042253521,0.007042253521126761,0.007042253521126761,1.491895329156682,1.5080114361831523,1.4386532953999718,0.16783627165933782,0.08391813582966891,0.08391813582966891
JTS0389,1.222543352601156,1.222543352601156,0.49710982658959535,0.3930635838150289,0.002890173410404624,1.0867052023121386,0.41655649041793474,0.41655649041793474,0.5233590222438395,0.6244843730448858,0.05376033305704705,2.208940229822749
JXH0493,1.0,1.0,0.0,0.0,0.0,0.0,1.0,1.0,1.0,1.0,1.0,1.0
JZD0888,1.0,1.0,0.0,0.0,0.0,0.0,1.0,1.0,1.0,1.0,1.0,1.0
KAC0124,1.0,1.0,0.0,0.0,0.0,0.0,1.0,1.0,1.0,1.0,1.0,1.0
KAL0395,1.0,1.0,0.476878612716763,0.0,0.0,0.0,1.0,1.0,0.5001884540553128,1.0,1.0,1.0
KAT0270,1.0,1.0,1.0,0.0,0.0,0.0,1.0,1.0,1.0,1.0,1.0,1.0
KAT0489,1.0,1.0,0.0,0.0,0.0,0.0,1.0,1.0,1.0,1.0,1.0,1.0
KBB0189,1.0,1.0,1.0,0.0,0.0,0.0,1.0,1.0,1.0,1.0,1.0,1.0
KBC0054,1.0,1.0,0.0,0.0,0.0,0.0,1.0,1.0,1.0,1.0,1.0,1.0
KBG0549,1.8786127167630058,1.0664739884393064,0.4508670520231214,0.31213872832369943,0.002890173410404624,1.0895953757225434,0.3989178626874818,0.24946957216738794,0.5040840161293366,0.5805769677495628,0.053760333057047034,2.234267083636608
KBL0260,1.0,1.0,1.0,0.0,0.0,0.0,1.0,1.0,1.0,1.0,1.0,1.0
KBP0008,2.1184971098265897,1.3410404624277457,1.0491329479768785,0.0,0.0,0.0,0.45728124887352734,0.47474547088536007,0.2164585838110541,1.0,1.0,1.0
KBS0874,1.7803468208092486,1.0,1.0,0.0,0.0,0.0,0.4146112493195609,1.0,1.0,1.0,1.0,1.0
KCB0815,1.80635838150289,1.0,0.0,0.0,0.0,0.0,0.3957235587610779,1.0,1.0,1.0,1.0,1.0
KCF0045,4.017341040462428,4.017341040462428,3.5578034682080926,0.0,0.0,0.0,1.4304108599566119,1.4304108599566119,1.3887163613487787,1.0,1.0,1.0
KCO0122,2.0484330484330484,1.0512820512820513,0.24216524216524216,2.0028490028490027,0.5925925925925926,4.538461538461538,0.5908266319963151,0.220887321481358,0.4421245927045401,1.0623385941230263,0.710614906242154,3.029960286977263
KCS0173,1.9797687861271676,1.19364161849711,1.023121387283237,1.0404624277456647,0.05491329479768786,0.7514450867052023,0.4200013164330306,0.3957235587610778,0.15050666990597392,0.8738280366952462,0.2405106126125368,1.5003615771517145
KDS0349,1.0,1.0,0.4797687861271676,0.0,0.0,0.0,1.0,1.0,0.5003140506559252,1.0,1.0,1.0
KDT0346,1.7976878612716762,1.0,1.0,0.0,0.0,0.0,0.40230549459665454,1.0,1.0,1.0,1.0,1.0
KES0729,1.8265895953757225,1.0578034682080926,0.47109826589595377,0.0,0.0,0.0,0.4360407364380752,0.23370941102046122,0.5056520619033696,1.0,1.0,1.0
KJA0152,1.0,1.0,0.0,0.0,0.0,0.0,1.0,1.0,1.0,1.0,1.0,1.0
KJG0910,1.0,1.0,0.0,0.0,0.0,0.0,1.0,1.0,1.0,1.0,1.0,1.0
KJJ0293,1.9971098265895955,1.2254335260115607,0.0,0.9971098265895953,0.0,1.5317919075144508,0.4340477160258031,0.4184726714229031,1.0,0.9246967537814131,1.0,2.3517802624711375
KJM0887,1.0,1.0,0.0,0.0,0.0,0.0,1.0,1.0,1.0,1.0,1.0,1.0
KJP0371,4.028901734104046,4.028901734104046,2.5635838150289016,0.0,0.0,0.0,1.4200540739438476,1.4200540739438476,1.4091843216467346,1.0,1.0,1.0
KJS0618,1.0,1.0,0.45664739884393063,0.0,0.0,0.0,1.0,1.0,0.4988383926470794,1.0,1.0,1.0
KJW0416,1.0,1.0,0.4653179190751445,0.0,0.0,0.0,1.0,1.0,0.49951807217717287,1.0,1.0,1.0
KKC0683,1.0,1.0,0.0,0.0,0.0,0.0,1.0,1.0,1.0,1.0,1.0,1.0
KKS0119,1.777456647398844,1.0,1.0,0.0,0.0,0.0,0.416556490417935,1.0,1.0,1.0,1.0,1.0
KKW0879,1.1775456919060052,1.1253263707571801,1.0626631853785902,8.503916449086162,0.2898172323759791,4.005221932114883,0.42784891443991396,0.3315216946762048,0.24267317749535214,0.9347062216277698,0.5337565360789317,2.81450504149978
KLH0596,1.0068493150684932,1.0,0.010273972602739725,0.06506849315068493,0.06506849315068493,0.1815068493150685,0.08261826616014963,1.0,0.10101168797316602,0.7455796394276021,0.7455796394276021,2.18977641453583
KLM0639,1.0,1.0,0.0,0.0,0.0,0.0,1.0,1.0,1.0,1.0,1.0,1.0
KMB0922,2.074074074074074,1.1566951566951567,0.22507122507122507,1.0455840455840455,0.10541310541310542,3.4444444444444446,0.6049181150584976,0.40841773566416856,0.4757531569428272,0.9091136268297746,0.31667791253085564,3.4187159939981933
KMS0657,1.0,1.0,0.0,0.0,0.0,0.0,1.0,1.0,1.0,1.0,1.0,1.0
KMW0545,1.7947976878612717,1.0,0.4653179190751445,0.37283236994219654,0.005780346820809248,1.4248554913294798,0.4044342473139924,1.0,0.4995180721771729,0.6112582041237319,0.07591832580044909,2.58004956854673
KNB0022,1.0,1.0,1.0,0.0,0.0,0.0,1.0,1.0,1.0,1.0,1.0,1.0
KNG0672,1.0,1.0,0.47840531561461797,0.0,0.0,0.0,1.0,1.0,0.5003653150498978,1.0,1.0,1.0
KNW0644,1.0,1.0,0.0,0.0,0.0,0.0,1.0,1.0,1.0,1.0,1.0,1.0
KPC0073,1.0335570469798658,1.0,0.5234899328859061,0.053691275167785234,0.053691275167785234,0.0,0.1806933860554772,1.0,0.5144387208726648,0.3243545544893081,0.3243545544893081,1.0
KPP0452,1.0,1.0,0.45375722543352603,0.0,0.0,0.0,1.0,1.0,0.49857802321953254,1.0,1.0,1.0
KPR0497,2.1358381502890174,1.3323699421965318,0.0,0.0,0.0,0.0,0.41218965290340137,0.471745008029927,1.0,1.0,1.0,1.0
KQC0708,1.0,1.0,1.0,0.0,0.0,0.0,1.0,1.0,1.0,1.0,1.0,1.0
KQS0415,1.0,1.0,0.47109826589595377,0.0,0.0,0.0,1.0,1.0,0.4998868934647654,1.0,1.0,1.0
KRG0158,1.0,1.0,1.0,0.0,0.0,0.0,1.0,1.0,1.0,1.0,1.0,1.0
KRL0062,1.0,1.0,1.0,0.0,0.0,0.0,1.0,1.0,1.0,1.0,1.0,1.0
KRL0501,1.0,1.0,0.0,2.1433962264150943,0.0,2.181132075471698,1.0,1.0,1.0,1.2193996029408793,1.0,2.090115319039582
KRM0541,1.0520231213872833,1.0520231213872833,0.4595375722543353,0.0,0.0,0.0,0.222395285993134,0.222395285993134,0.510565262224166,1.0,1.0,1.0
KRV0372,4.07514450867052,4.07514450867052,2.6763005780346822,0.0,0.0,0.0,1.3705454777543675,1.3705454777543675,1.2297586245309935,1.0,1.0,1.0
KSH0569,1.0,1.0,0.0,0.0,0.0,0.0,1.0,1.0,1.0,1.0,1.0,1.0
KSP0357,3.9873417721518987,3.9873417721518987,2.548523206751055,0.0,0.0,0.0,1.403630319341532,1.403630319341532,1.400199718082562,1.0,1.0,1.0
KSP0966,1.0,1.0,1.0,0.0,0.0,0.0,1.0,1.0,1.0,1.0,1.0,1.0
KTG0091,1.0,1.0,1.0,0.0,0.0,0.0,1.0,1.0,1.0,1.0,1.0,1.0
KVS0425,1.0,1.0,0.45375722543352603,0.0,0.0,0.0,1.0,1.0,0.4985780232195327,1.0,1.0,1.0
KVT0028,1.0,1.0,1.0,0.0,0.0,0.0,1.0,1.0,1.0,1.0,1.0,1.0
KWC0004,1.0,1.0,0.4653179190751445,0.0,0.0,0.0,1.0,1.0,0.49951807217717287,1.0,1.0,1.0
KWE0082,1.7947976878612717,1.0,0.476878612716763,2.0722543352601157,0.023121387283236993,6.456647398843931,0.4044342473139923,1.0,0.5001884540553129,1.072979924199318,0.16866937817950592,3.4100659651839957
LAF0991,1.7716763005780347,1.0,0.0,0.0,0.0,0.0,0.42036018973954803,1.0,1.0,1.0,1.0,1.0
LAM0911,1.7514450867052023,1.0,0.0,0.0,0.0,0.0,0.43280104696170946,1.0,1.0,1.0,1.0,1.0
LAP0338,1.790983606557377,1.0,1.0,0.0,0.0,0.0,0.4070233707925877,1.0,1.0,1.0,1.0,1.0
LBC0356,4.803468208092486,4.020231213872832,2.569364161849711,0.0,0.0,0.0,1.4572515704455622,1.3944594106084491,1.3628989352044667,1.0,1.0,1.0
LBF0214,2.2161572052401746,1.2663755458515285,1.1877729257641922,1.0283842794759825,0.07860262008733625,2.6986899563318776,0.5872467314436898,0.44254630092202446,0.40740285489922956,0.9174112140118927,0.2927658255578413,2.9756190956052895
LBH0942,1.8079470198675496,1.0,1.0,8.6158940397351,0.9072847682119205,24.037527593818986,0.39435000493271893,1.0,1.0,0.6365795679015359,0.9024376529158248,3.2061756058077564
LCB0664,1.9710982658959537,1.2052023121387283,0.48554913294797686,8.604046242774567,0.0838150289017341,1.1965317919075145,0.416023210956979,0.40443424731399236,0.5231669051291705,0.6522077006689886,0.2877668347703871,1.7233568844439204
LCC0819,1.0,1.0,0.0,2.229299363057325,0.40764331210191085,2.1464968152866244,1.0,1.0,1.0,1.314966176151565,0.6092809340309074,2.147793401419723
LCD0622,1.0,1.0,0.4479768786127168,0.0,0.0,0.0,1.0,1.0,0.4980064134824463,1.0,1.0,1.0
LDB0090,1.0,1.0,1.0,0.0,0.0,0.0,1.0,1.0,1.0,1.0,1.0,1.0
LDD0560,1.25,1.1,0.15,0.0,0.0,0.0,0.5430209893473685,0.3038218101251,0.36162028533978946,1.0,1.0,1.0
LDG0459,2.0635838150289016,1.2572254335260116,0.4653179190751445,0.45375722543352603,0.008670520231213872,1.3872832369942196,0.4712030734544711,0.4377377165069399,0.5166329536328721,0.6719215697997306,0.12007230236441246,2.5730509980147787
LDM0587,1.0,1.0,0.0,0.0,0.0,0.0,1.0,1.0,1.0,1.0,1.0,1.0
LEM0605,1.0,1.0,0.4421965317919075,0.0,0.0,0.0,1.0,1.0,0.49736677813052277,1.0,1.0,1.0
LFS0071,1.0,1.0,0.4421965317919075,0.0,0.0,0.0,1.0,1.0,0.49736677813052277,1.0,1.0,1.0
LHB0606,1.0,1.0,0.4878048780487805,0.0,0.0,0.0,1.0,1.0,0.5029272936438828,1.0,1.0,1.0
LHB0967,1.0,1.0,1.0,0.0,0.0,0.0,1.0,1.0,1.0,1.0,1.0,1.0
LHL0309,1.0,1.0,1.0,0.0,0.0,0.0,1.0,1.0,1.0,1.0,1.0,1.0
LHN0151,1.0,1.0,0.0,0.0,0.0,0.0,1.0,1.0,1.0,1.0,1.0,1.0
LIM0674,2.0788732394366196,1.2478873239436619,0.5408450704225352,0.37464788732394366,0.005633802816901409,0.5211267605633803,0.5147308805255375,0.432395493702764,0.6063639583124314,0.6491450940025335,0.07495257246871866,1.3926679972459473
LJB0826,1.0,1.0,0.0,0.0,0.0,0.0,1.0,1.0,1.0,1.0,1.0,1.0
LJJ0905,1.0578034682080926,1.0578034682080926,0.0,0.0,0.0,0.0,0.23370941102046122,0.23370941102046122,1.0,1.0,1.0,1.0
LJR0523,1.0179640718562875,1.0,0.029940119760479042,0.03592814371257485,0.03592814371257485,0.017964071856287425,0.13322025842794805,1.0,0.17093469832527225,0.2165506025857891,0.2165506025857891,0.23214696976024102
LJT0817,1.846820809248555,1.1040462427745665,0.014450867052023121,1.893063583815029,0.36416184971098264,5.569364161849711,0.4720645463424955,0.30576269694145947,0.11951284770836135,1.0286382620757646,0.5649563454634944,3.3095536982340255
LLV0602,1.0,1.0,0.4884393063583815,0.0,0.0,0.0,1.0,1.0,0.5005902522557053,1.0,1.0,1.0
LMF0980,1.7803468208092486,1.0,1.0,0.0,0.0,0.0,0.414611249319561,1.0,1.0,1.0,1.0,1.0
LNR0656,1.0,1.0,0.0,0.0,0.0,0.0,1.0,1.0,1.0,1.0,1.0,1.0
LNS0989,2.0289017341040463,1.245664739884393,1.0520231213872833,0.0,0.0,0.0,0.48666562237021044,0.4311040666247154,0.22239528599313388,1.0,1.0,1.0
LOF0311,1.0,1.0,1.0,0.0,0.0,0.0,1.0,1.0,1.0,1.0,1.0,1.0
LOM0086,1.795774647887324,1.0352112676056338,0.971830985915493,2.0140845070422535,0.056338028169014086,3.084507042253521,0.42172782716317847,0.18496585197533985,0.16604117970944668,1.0783880503483672,0.3099908003055873,2.7145339261317525
LPC0492,1.0751445086705202,1.0751445086705202,0.0,0.0,0.0,0.0,0.2640061636004608,0.2640061636004608,1.0,1.0,1.0,1.0
LPH0572,1.0,1.0,0.0,0.0,0.0,0.0,1.0,1.0,1.0,1.0,1.0,1.0
LQC0479,1.0203045685279188,1.0,0.02030456852791878,0.04568527918781726,0.04568527918781726,0.1116751269035533,0.17377533181786708,1.0,0.17377533181786708,0.5080416205396555,0.5080416205396555,1.567435099734012
LQP0508,2.060693641618497,1.2658959537572254,0.0,0.0,0.0,0.0,0.4090477932672967,0.44244895637584375,1.0,1.0,1.0,1.0
LRR0148,2.1025,1.3425,1.135,1.97,0.2675,2.2675,0.4329692899213956,0.47514013234351027,0.3421515295493097,0.9728649266026262,0.49654823569915135,2.387507955083913
LRW0970,1.0,1.0,1.0,0.0,0.0,0.0,1.0,1.0,1.0,1.0,1.0,1.0
LTS0860,1.0,1.0,1.0,0.0,0.0,0.0,1.0,1.0,1.0,1.0,1.0,1.0
LUR0896,1.3388704318936877,1.169435215946844,0.19601328903654486,0.0,0.0,0.0,0.5520725071547633,0.3757605797433208,0.4220395555981449,1.0,1.0,1.0
MAD0496,1.0,1.0,0.0,0.0,0.0,0.0,1.0,1.0,1.0,1.0,1.0,1.0
MAD0753,1.0,1.0,0.48554913294797686,0.0,0.0,0.0,1.0,1.0,0.500514939662477,1.0,1.0,1.0
MAE0331,1.0,1.0,1.0,0.0,0.0,0.0,1.0,1.0,1.0,1.0,1.0,1.0
MAH0149,1.7947976878612717,1.0,0.0,0.0,0.0,0.0,0.40443424731399247,1.0,1.0,1.0,1.0,1.0
MAH0864,1.0,1.0,1.0,0.0,0.0,0.0,1.0,1.0,1.0,1.0,1.0,1.0
MAR0955,1.0168350168350169,1.0,1.0168350168350169,0.0707070707070707,0.0707070707070707,0.23232323232323232,0.12887015406026567,1.0,0.12887015406026567,0.6247030416557057,0.6247030416557057,2.3081595108658166
MAS0025,1.0248756218905473,1.0,1.0248756218905473,0.07960199004975124,0.07960199004975124,0.2736318407960199,0.1561349078609147,1.0,0.1561349078609147,0.5776087263849291,0.5776087263849291,2.238247359828912
MAW0166,1.0,1.0,1.0,0.0,0.0,0.0,1.0,1.0,1.0,1.0,1.0,1.0
MBG0438,1.0,1.0,0.502127659574468,0.0,0.0,0.0,1.0,1.0,0.501062700454977,1.0,1.0,1.0
MBJ0312,1.8554913294797688,1.0404624277456647,1.0057803468208093,2.9739884393063583,0.15028901734104047,2.945086705202312,0.3984555926886885,0.19732652268574635,0.07591832580044912,1.0366695502365744,0.4176711524503179,2.485877005246648
MBR0724,1.0,1.0,1.0,0.0,0.0,0.0,1.0,1.0,1.0,1.0,1.0,1.0
MBW0809,1.0,1.0,0.0,0.0,0.0,0.0,1.0,1.0,1.0,1.0,1.0,1.0
MCD0125,2.0681818181818183,1.2556818181818181,0.08522727272727272,0.375,0.017045454545454544,2.465909090909091,0.44837368459685634,0.43748840429902136,0.28001623329566244,0.6199078272499181,0.12981005103862084,4.127811910544275
MCF0327,1.0,1.0,1.0,0.0,0.0,0.0,1.0,1.0,1.0,1.0,1.0,1.0
MCF0600,1.2571428571428571,1.2285714285714286,0.02857142857142857,0.1469387755102041,0.1469387755102041,0.4163265306122449,0.473909446977401,0.42077212399096586,0.18990938305015845,1.0915288647716295,1.0915288647716295,3.2451317219707403
MCJ0324,1.0,1.0,1.0,0.0,0.0,0.0,1.0,1.0,1.0,1.0,1.0,1.0
MCS0035,1.0,1.0,1.0,0.0,0.0,0.0,1.0,1.0,1.0,1.0,1.0,1.0
MCT0720,1.0,1.0,1.0,0.0,0.0,0.0,1.0,1.0,1.0,1.0,1.0,1.0
MDH0580,1.0,1.0,0.0,2.1317567567567566,0.030405405405405407,2.1013513513513513,1.0,1.0,1.0,1.223860918328475,0.19068432829005197,2.027739377044917
MDH0686,1.840958605664488,1.0610021786492374,0.006535947712418301,0.0,0.0,0.0,0.4515620105527822,0.23959545142716737,0.08066849729623203,1.0,1.0,1.0
MDM0625,1.9797687861271676,1.1791907514450868,0.4653179190751445,7.898843930635838,0.06069364161849711,24.121387283236995,0.41304237598121024,0.3840673756200409,0.5052874487664173,0.9977649480282326,0.23911329875315018,3.2876147620258047
MDM0976,1.0,1.0,0.48554913294797686,0.0,0.0,0.0,1.0,1.0,0.500514939662477,1.0,1.0,1.0
MES0407,1.0,1.0,0.44508670520231214,0.0,0.0,0.0,1.0,1.0,0.4976951147469963,1.0,1.0,1.0
MFV0897,1.0,1.0,0.0,0.0,0.0,0.0,1.0,1.0,1.0,1.0,1.0,1.0
MGS0974,1.1078947368421053,1.1078947368421053,0.45263157894736844,0.3736842105263158,0.0,0.4263157894736842,0.3106564493514939,0.3106564493514939,0.5036734933648431,0.6141189327827934,1.0,1.2963688297540756
MHA0798,1.0,1.0,0.0,0.0,0.0,0.0,1.0,1.0,1.0,1.0,1.0,1.0
MHG0244,1.0,1.0,0.4913294797687861,0.0,0.0,0.0,1.0,1.0,0.5006488208845217,1.0,1.0,1.0
MHG0733,1.0,1.0,0.44508670520231214,0.0,0.0,0.0,1.0,1.0,0.4976951147469966,1.0,1.0,1.0
MHH0180,1.77007299270073,1.0,1.0,0.0,0.0,0.0,0.4215556335309813,1.0,1.0,1.0,1.0,1.0
MIB0904,1.8092485549132948,1.0,0.0,0.0,0.0,0.0,0.393462535734841,1.0,1.0,1.0,1.0,1.0
MIC0726,1.0,1.0,0.48265895953757226,0.0,0.0,0.0,1.0,1.0,0.5004228755450429,1.0,1.0,1.0
MIL0255,1.0,1.0,1.0,0.0,0.0,0.0,1.0,1.0,1.0,1.0,1.0,1.0
MIM0712,1.0,1.0,1.0,0.0,0.0,0.0,1.0,1.0,1.0,1.0,1.0,1.0
MJB0588,1.0,1.0,0.0,0.0,0.0,0.0,1.0,1.0,1.0,1.0,1.0,1.0
MJM0510,2.1040462427745665,1.3352601156069364,0.0,0.0,0.0,0.0,0.45763834610576737,0.47276499842729236,1.0,1.0,1.0,1.0
MJS0890,1.0,1.0,0.0,0.0,0.0,0.0,1.0,1.0,1.0,1.0,1.0,1.0
MKG0711,1.0,1.0,1.0,0.0,0.0,0.0,1.0,1.0,1.0,1.0,1.0,1.0
MKL0941,1.0,1.0,1.0,0.0,0.0,0.0,1.0,1.0,1.0,1.0,1.0,1.0
MKP0861,1.7919075144508672,1.0,1.0,0.0,0.0,0.0,0.4065312474948834,1.0,1.0,1.0,1.0,1.0
MKS0204,1.0,1.0,1.0,0.0,0.0,0.0,1.0,1.0,1.0,1.0,1.0,1.0
MKW0441,1.8703170028818443,1.0662824207492796,0.484149855907781,2.0172910662824206,0.01729106628242075,1.2132564841498559,0.42044658726733486,0.24913436448769866,0.5447140210803646,0.9969552688557033,0.13054192959499936,1.8201021220260662
MLD0755,1.7630057803468209,1.0,0.4508670520231214,0.0,0.0,0.0,0.4258545508940999,1.0,0.4983007062686204,1.0,1.0,1.0
MLG0475,1.0,1.0,0.4479768786127168,0.0,0.0,0.0,1.0,1.0,0.498006413482446,1.0,1.0,1.0
MLL0598,1.0,1.0,0.0,8.031791907514451,0.20520231213872833,1.0202312138728324,1.0,1.0,1.0,0.9907547832990626,0.5395398894284774,1.5443758473828155
MLM0950,1.9858156028368794,1.1843971631205674,1.0638297872340425,2.0094562647754137,0.2364066193853428,6.505910165484633,0.4816905793747103,0.38826696389545756,0.24473893501935812,1.0164082460354027,0.4575831265258788,3.469479393518978
MLP0668,1.0,1.0,0.47398843930635837,0.0,0.0,0.0,1.0,1.0,0.5000460731055506,1.0,1.0,1.0
MMB0488,1.0,1.0,0.0,0.0,0.0,0.0,1.0,1.0,1.0,1.0,1.0,1.0
MMG0943,1.3439306358381502,1.3439306358381502,1.176300578034682,0.0,0.0,0.0,0.47570620069278635,0.47570620069278635,0.3816275775434657,1.0,1.0,1.0
MNC0717,2.066473988439306,1.3150289017341041,1.0346820809248556,0.0,0.0,0.0,0.44223116214341185,0.4652001274532914,0.18323830234449334,1.0,1.0,1.0
MNR0829,1.0,1.0,0.0,0.0,0.0,0.0,1.0,1.0,1.0,1.0,1.0,1.0
MNS0224,4.083815028901734,4.083815028901734,3.6040462427745665,0.0,0.0,0.0,1.364741695750995,1.364741695750995,1.301898652815661,1.0,1.0,1.0
MOH0273,1.0,1.0,1.0,7.867830423940149,0.6932668329177057,23.206982543640898,1.0,1.0,1.0,0.9669475327917588,0.8764585278963258,3.07726357697785
MOP0763,1.0,1.0,0.0,0.0,0.0,0.0,1.0,1.0,1.0,1.0,1.0,1.0
MOS0047,5.0852272727272725,4.295454545454546,3.7329545454545454,5.045454545454546,2.727272727272727,9.051136363636363,1.6418136155032783,1.6047008864785157,1.4898683808336195,2.1482702192845613,1.5545492519130348,6.67727051709316
MPM0220,5.0,4.073732718894009,3.751152073732719,11.493087557603687,3.3686635944700463,30.82488479262673,1.618755809370385,1.45108560334326,1.5131556001565176,1.6780715774811357,1.8213076707897982,6.6865486938883425
MPT0376,2.010958904109589,1.2301369863013698,0.473972602739726,1.1232876712328768,0.0,2.8876712328767122,0.4568049707189285,0.4214981559496014,0.5215223376787206,0.9513611630828271,1.0,2.99284610424645
MSD0939,1.0,1.0,1.0,0.0,0.0,0.0,1.0,1.0,1.0,1.0,1.0,1.0
MSG0839,1.0,1.0,0.0,0.0,0.0,0.0,1.0,1.0,1.0,1.0,1.0,1.0
MSH0040,4.117647058823529,4.117647058823529,3.6823529411764704,0.0,0.0,0.0,1.4774826807081352,1.4774826807081352,1.3850588950144467,1.0,1.0,1.0
MSO0222,3.9748953974895396,3.9665271966527196,3.6234309623430963,0.008368200836820083,0.0041841004184100415,0.0041841004184100415,1.4375653034270766,1.4285977987088323,1.4084212309927928,0.1293692454706302,0.0646846227353151,0.0646846227353151
MSS0001,1.7745664739884393,1.0,0.45375722543352603,0.0,0.0,0.0,0.4184726714229032,1.0,0.49857802321953276,1.0,1.0,1.0
MSZ0310,1.0,1.0,1.0,0.0,0.0,0.0,1.0,1.0,1.0,1.0,1.0,1.0
MTB0620,1.8092485549132948,1.0,0.45664739884393063,2.9046242774566475,0.02023121387283237,5.696531791907514,0.39346253573484113,1.0,0.49883839264707946,1.0575506307899678,0.16023878470682232,3.0810951554532293
MTT0901,1.6896551724137931,1.0,0.0,3.103448275862069,0.06896551724137931,6.448275862068965,0.4708236154307584,1.0,1.0,1.371777459726897,0.25788071477756375,3.7472485801161186
MVB0515,2.0578034682080926,1.260115606936416,0.0,1.060693641618497,0.0,5.135838150289017,0.47194918246408285,0.4951638445738024,1.0,0.9163972202559247,1.0,4.2009714566426
MVF0594,1.0,1.0,0.0,0.0,0.0,0.0,1.0,1.0,1.0,1.0,1.0,1.0
MVH0373,3.742424242424242,3.742424242424242,2.3636363636363638,0.0,0.0,0.0,1.3846477592692725,1.3846477592692725,1.3993005245628825,1.0,1.0,1.0
MYD0978,1.0119047619047619,1.0,0.5198412698412699,0.027777777777777776,0.027777777777777776,0.05952380952380952,0.10867337872803161,1.0,0.5084967050111003,0.2737198058121605,0.2737198058121605,0.9449111825230679
NAB0801,1.0,1.0,0.0,0.0,0.0,0.0,1.0,1.0,1.0,1.0,1.0,1.0
NAB0903,1.0,1.0,0.0,0.0,0.0,0.0,1.0,1.0,1.0,1.0,1.0,1.0
NAF0033,1.0,1.0,1.0,0.0,0.0,0.0,1.0,1.0,1.0,1.0,1.0,1.0
NAF0326,2.1331877729257642,1.3580786026200873,1.0764192139737991,1.965065502183406,0.07205240174672489,5.3406113537117905,0.5057125437617748,0.60137535504817,0.28193349119843314,1.0804013437300852,0.2671769537223334,3.346792000298571
NAH0503,1.1596009975062345,1.0947630922693268,0.0773067331670823,0.0,0.0,0.0,0.39932923809683984,0.29325331410644606,0.26741115941476934,1.0,1.0,1.0
NAR0981,1.0,1.0,1.0,0.0,0.0,0.0,1.0,1.0,1.0,1.0,1.0,1.0
NBC0412,1.0086705202312138,1.0086705202312138,0.4277456647398844,0.0,0.0,0.0,0.09284533561690396,0.09284533561690396,0.49546827979750513,1.0,1.0,1.0
NBH0256,1.0,1.0,1.0,0.0,0.0,0.0,1.0,1.0,1.0,1.0,1.0,1.0
NCE0097,1.0,1.0,1.0,0.0,0.0,0.0,1.0,1.0,1.0,1.0,1.0,1.0
NCH0179,1.0,1.0,1.0,0.0,0.0,0.0,1.0,1.0,1.0,1.0,1.0,1.0
NCK0295,1.0,1.0,0.0,0.0,0.0,0.0,1.0,1.0,1.0,1.0,1.0,1.0
NCK0421,1.0,1.0,0.43641618497109824,0.0,0.0,0.0,1.0,1.0,0.4966588543380255,1.0,1.0,1.0
NCO0666,1.7976878612716762,1.0115606936416186,0.45375722543352603,0.0,0.0,0.0,0.4164659816614193,0.10705216425099408,0.49857802321953293,1.0,1.0,1.0
NDM0417,2.0809248554913293,1.2745664739884393,0.4913294797687861,2.0,0.011560693641618497,3.7109826589595376,0.4495862962938219,0.44694189542628615,0.517726323650718,1.035598265794194,0.10705216425099409,2.8032580764490236
NGC0058,1.1495327102803738,1.1495327102803738,0.514018691588785,0.4088785046728972,0.03271028037383177,0.4672897196261682,0.4003216111705122,0.4003216111705122,0.5494640519456079,0.6072286292288399,0.19078327438834372,1.3450769425723328
NGF0157,1.9485294117647058,1.0465686274509804,1.107843137254902,0.35049019607843135,0.061274509803921566,0.7475490196078431,0.4700335019871631,0.2109717546824388,0.3105630218925583,0.6007364480385112,0.25978699106109004,1.6918634224851066
NGO0690,1.7976878612716762,1.0,0.0,0.0,0.0,0.0,0.40230549459665466,1.0,1.0,1.0,1.0,1.0
NHE0919,1.76878612716763,1.0,0.0,0.0,0.0,0.0,0.42221942977491034,1.0,1.0,1.0,1.0,1.0
NHH0185,1.0260115606936415,1.0260115606936415,1.0173410404624277,0.0,0.0,0.0,0.15940010686590372,0.15940010686590372,0.1307276597948423,1.0,1.0,1.0
NIH0969,1.8121387283236994,1.0028901734104045,1.0028901734104045,0.0,0.0,0.0,0.3985081503759481,0.053760333057047034,0.053760333057047034,1.0,1.0,1.0
NJB0243,1.0867052023121386,1.0867052023121386,0.45375722543352603,0.0,0.0,0.0,0.2818101114746937,0.2818101114746937,0.49857802321953265,1.0,1.0,1.0
NJC0705,1.0,1.0,1.0,0.0,0.0,0.0,1.0,1.0,1.0,1.0,1.0,1.0
NKH0807,1.0,1.0,0.0,0.0,0.0,0.0,1.0,1.0,1.0,1.0,1.0,1.0
NKH0979,2.086705202312139,1.2745664739884393,1.1040462427745665,0.0,0.0,0.0,0.44199430755936925,0.4469418954262863,0.30576269694145963,1.0,1.0,1.0
NKP0236,1.0260115606936415,1.0,0.48554913294797686,0.3554913294797688,0.002890173410404624,0.8641618497109826,0.1594001068659038,1.0,0.5286782689611041,0.6073810886759037,0.053760333057047055,1.905457917451345
NLO0131,1.0,1.0,0.0,0.0,0.0,0.0,1.0,1.0,1.0,1.0,1.0,1.0
NMB0972,1.0,1.0,1.0,0.0,0.0,0.0,1.0,1.0,1.0,1.0,1.0,1.0
NMC0486,1.0,1.0,0.0,0.0,0.0,0.0,1.0,1.0,1.0,1.0,1.0,1.0
NMF0780,1.0,1.0,0.0,0.0,0.0,0.0,1.0,1.0,1.0,1.0,1.0,1.0
NMG0766,1.0,1.0,0.0,0.0,0.0,0.0,1.0,1.0,1.0,1.0,1.0,1.0
NMS0280,1.0412844036697249,1.0412844036697249,0.011467889908256881,0.3555045871559633,0.0,0.7362385321100917,0.19917577712406917,0.19917577712406917,0.10659473742653307,0.617553178855507,1.0,1.7529400139185944
NNA0610,1.0,1.0,0.48554913294797686,0.0,0.0,0.0,1.0,1.0,0.5005149396624771,1.0,1.0,1.0
NNS0059,1.0,1.0,0.4682080924855491,0.0,0.0,0.0,1.0,1.0,0.4997108990796175,1.0,1.0,1.0
NOB0181,2.01890756302521,1.1974789915966386,1.050420168067227,1.1071428571428572,0.09243697478991597,3.577731092436975,0.4275507527466873,0.3985156004076178,0.21904056805886588,0.8844096625025195,0.304121766157964,3.291495884398182
NRD0548,1.0,1.0,0.45098039215686275,0.0,0.0,0.0,1.0,1.0,0.498406331967622,1.0,1.0,1.0
NRF0137,1.0,1.0,0.0,0.0,0.0,0.0,1.0,1.0,1.0,1.0,1.0,1.0
NRO0768,1.0,1.0,0.0,0.0,0.0,0.0,1.0,1.0,1.0,1.0,1.0,1.0
NSC0597,1.0491329479768785,1.0491329479768785,0.017341040462427744,0.0,0.0,0.0,0.21645858381105412,0.21645858381105412,0.13072765979484235,1.0,1.0,1.0
NSS0876,1.0,1.0,1.0,0.0,0.0,0.0,1.0,1.0,1.0,1.0,1.0,1.0
NUL0471,1.76878612716763,1.0,0.45664739884393063,0.0,0.0,0.0,0.4222194297749105,1.0,0.49883839264707913,1.0,1.0,1.0
NWK0215,1.9125560538116593,1.0,1.1143497757847534,0.0,0.0,0.0,0.4730719262572099,1.0,0.3185929791610859,1.0,1.0,1.0
NWT0098,1.0,1.0,1.0,2.0470219435736676,0.16927899686520376,2.200626959247649,1.0,1.0,1.0,1.0790962192781333,0.38386864797363157,1.9724197974210085
OBH0499,2.094688221709007,1.2193995381062355,0.08314087759815242,8.558891454965359,0.025404157043879907,1.371824480369515,0.4932830842228377,0.4143185052542096,0.292684448042734,0.882898566877535,0.21900741083624886,1.8553827214878391
OCB0805,1.0,1.0,0.0,0.0,0.0,0.0,1.0,1.0,1.0,1.0,1.0,1.0
OCS0865,1.8381502890173411,1.0664739884393064,1.0115606936416186,1.9046242774566473,0.06936416184971098,2.523121387283237,0.4404754222855089,0.2494695721673879,0.10705216425099409,0.992511966351502,0.2544403356251983,2.4697092646481855
OHC0973,1.0,1.0,1.0,0.0,0.0,0.0,1.0,1.0,1.0,1.0,1.0,1.0
OJK0233,1.0,1.0,0.4682080924855491,0.0,0.0,0.0,1.0,1.0,0.4997108990796173,1.0,1.0,1.0
OKB0439,1.0,1.0,0.4797687861271676,0.0,0.0,0.0,1.0,1.0,0.5003140506559249,1.0,1.0,1.0
OKC0107,1.0,1.0,0.0,0.0,0.0,0.0,1.0,1.0,1.0,1.0,1.0,1.0
OLB0749,1.0,1.0,0.5510204081632653,0.0,0.0,0.0,1.0,1.0,0.4999473988741904,1.0,1.0,1.0
OLF0504,1.0,1.0,0.0,0.0,0.0,0.0,1.0,1.0,1.0,1.0,1.0,1.0
OLW0689,1.7716763005780347,1.0,0.0,2.0635838150289016,0.1531791907514451,3.5895953757225434,0.4203601897395479,1.0,1.0,1.053085399277794,0.42008109255159676,2.801512295199231
OMM0944,1.0,1.0,1.0,0.0,0.0,0.0,1.0,1.0,1.0,1.0,1.0,1.0
OMS0101,1.0,1.0,1.0,0.0,0.0,0.0,1.0,1.0,1.0,1.0,1.0,1.0
ONL0276,1.0,1.0,1.0,0.0,0.0,0.0,1.0,1.0,1.0,1.0,1.0,1.0
ONW0083,1.0,1.0,0.45375722543352603,0.0,0.0,0.0,1.0,1.0,0.49857802321953254,1.0,1.0,1.0
OQH0183,1.0,1.0,1.0,0.0,0.0,0.0,1.0,1.0,1.0,1.0,1.0,1.0
ORB0473,1.0,1.0,0.47398843930635837,0.0,0.0,0.0,1.0,1.0,0.5000460731055507,1.0,1.0,1.0
ORG0339,1.0,1.0,1.0,0.0,0.0,0.0,1.0,1.0,1.0,1.0,1.0,1.0
ORM0669,1.2572254335260116,1.2572254335260116,0.5057803468208093,0.0,0.0,0.0,0.43773771650694,0.43773771650694,0.5064466703153477,1.0,1.0,1.0
OSH0655,1.0,1.0,0.0,0.0,0.0,0.0,1.0,1.0,1.0,1.0,1.0,1.0
OYM0026,1.0895953757225434,1.0895953757225434,0.011560693641618497,0.0,0.0,0.0,0.2860148134027335,0.2860148134027335,0.10705216425099409,1.0,1.0,1.0
PAD0773,2.0173410404624277,1.216763005780347,0.0,0.3583815028901734,0.0,7.393063583815029,0.4303552753997814,0.4126365371448352,1.0,0.6175235573553038,1.0,11.625876105693315
PBP0002,1.0,1.0,0.43641618497109824,0.0,0.0,0.0,1.0,1.0,0.4966588543380253,1.0,1.0,1.0
PDH0716,1.8815028901734103,1.0780346820809248,1.0115606936416186,1.9566473988439306,0.05491329479768786,4.979768786127168,0.4311817885465843,0.26861460773628615,0.10705216425099409,0.996151596318696,0.24051061261253695,3.026864442320186
PDW0259,1.8872832369942196,1.115606936416185,1.0549132947976878,0.0,0.0,0.0,0.4393804803365709,0.3202160617655151,0.22814086291145308,1.0,1.0,1.0
PES0085,1.7745664739884393,1.0,1.0,0.0,0.0,0.0,0.4184726714229033,1.0,1.0,1.0,1.0,1.0
PEV0323,1.9488636363636365,1.0369318181818181,1.1278409090909092,0.0,0.0,0.0,0.49233308581880536,0.1888628918533017,0.33438790059640056,1.0,1.0,1.0
PGC0066,1.0,1.0,0.4508670520231214,0.0,0.0,0.0,1.0,1.0,0.49830070626862044,1.0,1.0,1.0
PGH0184,1.7729257641921397,1.0,1.0,0.0,0.0,0.0,0.4198586841311163,1.0,1.0,1.0,1.0,1.0
PGO0433,1.0,1.0,0.47398843930635837,0.0,0.0,0.0,1.0,1.0,0.5000460731055508,1.0,1.0,1.0
PID0426,1.28125,1.0880681818181819,0.6988636363636364,0.0,0.0,0.0,0.5576616063855098,0.283797439718872,0.7082733417622932,1.0,1.0,1.0
PIS0522,2.0,1.245664739884393,0.0,0.0,0.0,0.0,0.43070552164653236,0.43110406662471523,1.0,1.0,1.0,1.0
PKB0281,1.0,1.0,0.0,0.0,0.0,0.0,1.0,1.0,1.0,1.0,1.0,1.0
PKB0429,1.0,1.0,0.45375722543352603,0.0,0.0,0.0,1.0,1.0,0.49857802321953265,1.0,1.0,1.0
PLH0715,1.0,1.0,1.0,0.0,0.0,0.0,1.0,1.0,1.0,1.0,1.0,1.0
PLH0862,1.0,1.0,1.0,0.0,0.0,0.0,1.0,1.0,1.0,1.0,1.0,1.0
PMC0328,1.7947976878612717,1.0,1.0,1.9364161849710984,0.17630057803468208,1.8959537572254335,0.4044342473139925,1.0,1.0,1.0640381872701616,0.43153136396630715,2.092259256845434
PMJ0564,2.138328530259366,1.276657060518732,0.07780979827089338,0.0,0.0,0.0,0.5081993332110518,0.44799141387765196,0.26825886604187904,1.0,1.0,1.0
PMV0850,1.939306358381503,1.1734104046242775,0.11849710982658959,1.0867052023121386,0.10404624277456648,1.416184971098266,0.4090477932672968,0.3791499864687537,0.32366389122726735,0.8869404240088357,0.349966189920243,2.09074521362485
PNH0761,1.2428571428571429,1.1085714285714285,0.1457142857142857,0.3457142857142857,0.002857142857142857,6.017142857142857,0.4857780892817183,0.3115461291451811,0.3613432890959832,0.6449463482018828,0.053452248382484885,10.33450519105793
PNL0301,1.0,1.0,0.0,2.1153846153846154,0.0,1.8974358974358974,1.0,1.0,1.0,1.269805870159222,1.0,1.9047630863756226
POB0343,1.0,1.0,1.0,0.0,0.0,0.0,1.0,1.0,1.0,1.0,1.0,1.0
PPF0435,1.013793103448276,1.0,0.49310344827586206,0.09310344827586207,0.09310344827586207,0.0034482758620689655,0.11683288254435256,1.0,0.5144493710282773,0.8813449279340005,0.8813449279340005,0.05872202195147035
PRM0740,1.0,1.0,0.45664739884393063,0.0,0.0,0.0,1.0,1.0,0.4988383926470792,1.0,1.0,1.0
PSF0133,1.0,1.0,0.0,2.1473684210526316,0.010526315789473684,2.363157894736842,1.0,1.0,1.0,1.1949489909870572,0.10232605238616795,1.938119561651139
PTH0552,1.7658959537572254,1.0,0.4508670520231214,0.0,0.0,0.0,0.4240507634854179,1.0,0.4983007062686203,1.0,1.0,1.0
PTH0830,1.0,1.0,0.0,0.0,0.0,0.0,1.0,1.0,1.0,1.0,1.0,1.0
QCH0110,1.0,1.0,0.0,0.0,0.0,0.0,1.0,1.0,1.0,1.0,1.0,1.0
QJR0688,1.3416666666666666,1.3416666666666666,0.05555555555555555,1.113888888888889,0.06111111111111111,2.9694444444444446,0.48651738339488354,0.48651738339488354,0.22938022884305362,0.9115943906276691,0.2922182739894242,3.038592938229592
QNF0205,1.0,1.0,1.0,0.0,0.0,0.0,1.0,1.0,1.0,1.0,1.0,1.0
QNP0216,4.066473988439307,4.066473988439307,3.601156069364162,0.0,0.0,0.0,1.376270004544309,1.376270004544309,1.3630310825852396,1.0,1.0,1.0
QOS0878,2.1946902654867255,1.3982300884955752,1.0353982300884956,2.1150442477876106,0.07964601769911504,1.1238938053097345,0.4974651294248462,0.5753853213414214,0.18560728221469422,1.0066937787113222,0.27195039333468984,1.5987313238205016
QPM0727,1.0,1.0,0.44508670520231214,0.0,0.0,0.0,1.0,1.0,0.4976951147469966,1.0,1.0,1.0
QRM0739,1.0549132947976878,1.0549132947976878,0.42196531791907516,8.638728323699421,0.06647398843930635,24.28034682080925,0.228140862911453,0.228140862911453,0.49458828898919643,0.6320911704154566,0.26082976993942797,2.789112558659818
QSV0778,1.0,1.0,0.0,0.0,0.0,0.0,1.0,1.0,1.0,1.0,1.0,1.0
RAB0589,2.1928934010152283,1.380710659898477,0.04060913705583756,0.02030456852791878,0.02030456852791878,0.01015228426395939,0.487967728323096,0.5366501373677335,0.19788585278491938,0.1737753318178671,0.1737753318178671,0.14249409997581927
RAG0275,1.0,1.0,1.0,0.0,0.0,0.0,1.0,1.0,1.0,1.0,1.0,1.0
RAH0440,1.0,1.0,0.4508670520231214,0.0,0.0,0.0,1.0,1.0,0.4983007062686206,1.0,1.0,1.0
RAM0447,1.7951002227171493,1.0,0.45657015590200445,0.0,0.0,0.0,0.4040785938679154,1.0,0.4986658943587655,1.0,1.0,1.0
RAR0725,1.0,1.0,1.0,2.0350877192982457,0.07602339181286549,2.0760233918128654,1.0,1.0,1.0,1.2597606534674621,0.2870918679204881,2.017586933627328
RAS0432,1.7427745664739884,1.0,0.47109826589595377,0.0,0.0,0.0,0.43773771650693993,1.0,0.49988689346476545,1.0,1.0,1.0
RAW0915,1.886138613861386,1.0915841584158417,0.039603960396039604,1.0841584158415842,0.1707920792079208,1.136138613861386,0.44208612231945643,0.30549713842301346,0.1952687060881196,0.9119262380674745,0.40227438549754574,1.8781176735302967
RBB0485,1.0,1.0,0.0,0.0,0.0,0.0,1.0,1.0,1.0,1.0,1.0,1.0
RCC0617,1.0,1.0,0.407514450867052,0.0,0.0,0.0,1.0,1.0,0.49208359849370037,1.0,1.0,1.0
RCP0785,1.0,1.0,0.0,0.0,0.0,0.0,1.0,1.0,1.0,1.0,1.0,1.0
RDM0115,1.0,1.0,1.0,0.0,0.0,0.0,1.0,1.0,1.0,1.0,1.0,1.0
RDM0150,1.0,1.0,0.0,0.0,0.0,0.0,1.0,1.0,1.0,1.0,1.0,1.0
RDT0424,1.9942196531791907,1.2080924855491328,0.5,1.0375722543352601,0.002890173410404624,1.3410404624277457,0.40997857599154286,0.4065312474948834,0.5397261785628774,0.9113003302235919,0.05376033305704705,1.9484346935116363
RFP0380,1.0,1.0,0.4508670520231214,0.0,0.0,0.0,1.0,1.0,0.4983007062686206,1.0,1.0,1.0
RGG0064,1.8063063063063063,1.0,1.018018018018018,0.02702702702702703,0.02702702702702703,0.05405405405405406,0.42899003337878505,1.0,0.13331702643749377,0.23144087170223168,0.23144087170223168,0.8053872662568292
RGH0728,1.0,1.0,0.4804270462633452,0.0,0.0,0.0,1.0,1.0,0.5005081302124315,1.0,1.0,1.0
RGN0408,1.0,1.0,0.4985507246376812,0.0,0.0,0.0,1.0,1.0,0.5007241133410287,1.0,1.0,1.0
RHC0335,1.0,1.0,1.0,0.0,0.0,0.0,1.0,1.0,1.0,1.0,1.0,1.0
RHL0992,1.8238636363636365,1.0397727272727273,0.017045454545454544,2.102272727272727,0.5511363636363636,2.102272727272727,0.4245318276964316,0.19598237397554635,0.12981005103862087,1.2145759775307616,0.7311039508941168,2.081426833289526
RHO0732,2.329512893982808,1.3667621776504297,0.6876790830945558,1.9770773638968482,0.06303724928366762,2.4498567335243555,0.641267640952877,0.48261274443812074,0.7329616744800704,1.0140062499965732,0.2867434098480074,2.456736278141242
RHP0484,1.8872832369942196,1.0895953757225434,0.0,0.0,0.0,0.0,0.4259823982305431,0.2860148134027335,1.0,1.0,1.0,1.0
RHY0079,1.0346820809248556,1.0346820809248556,0.005780346820809248,0.0,0.0,0.0,0.18323830234449334,0.18323830234449334,0.07591832580044908,1.0,1.0,1.0
RIH0777,1.0,1.0,0.0,0.0,0.0,0.0,1.0,1.0,1.0,1.0,1.0,1.0
RJB0088,1.0,1.0,1.0,0.0,0.0,0.0,1.0,1.0,1.0,1.0,1.0,1.0
RJM0381,1.0520231213872833,1.0520231213872833,0.4479768786127168,0.0,0.0,0.0,0.2223952859931339,0.2223952859931339,0.498006413482446,1.0,1.0,1.0
RKD0604,1.0266666666666666,1.0,0.5666666666666667,0.13333333333333333,0.13333333333333333,0.32666666666666666,0.161647004039632,1.0,0.49719571540626184,1.0405642936488846,1.0405642936488846,2.834345127935298
RKF0164,1.0,1.0,1.0,0.0,0.0,0.0,1.0,1.0,1.0,1.0,1.0,1.0
RLB0719,1.0489913544668588,1.0,1.0489913544668588,0.0,0.0,0.0,0.22914232504570373,1.0,0.22914232504570373,1.0,1.0,1.0
RLG0856,1.8706896551724137,1.0,1.0632183908045978,1.0660919540229885,0.0603448275862069,0.9597701149425287,0.459234529381502,1.0,0.24370575281423235,0.9684949032840783,0.25026072065288085,1.6645453391823386
RMS0266,1.0,1.0,1.0,0.0,0.0,0.0,1.0,1.0,1.0,1.0,1.0,1.0
RMW0542,1.0,1.0,0.4906832298136646,2.3167701863354035,0.018633540372670808,2.049689440993789,1.0,1.0,0.5014729855929461,1.4160789183889397,0.13564888911455347,2.0880650200485404
RNF0765,1.0,1.0,0.0,0.0,0.0,0.0,1.0,1.0,1.0,1.0,1.0,1.0
RNL0695,1.7745664739884393,1.0,0.0,0.0,0.0,0.0,0.418472671422903,1.0,1.0,1.0,1.0,1.0
RNP0211,1.80635838150289,1.0,1.0,3.101156069364162,0.12427745664739884,7.624277456647399,0.39572355876107795,1.0,1.0,1.012185950683054,0.3793819129032779,3.1342687792794175
ROB0272,1.0,1.0,1.0,0.0,0.0,0.0,1.0,1.0,1.0,1.0,1.0,1.0
RRA0938,1.7572254335260116,1.0,1.0,0.0,0.0,0.0,0.4293808701387567,1.0,1.0,1.0,1.0,1.0
RRC0553,1.7763157894736843,1.013157894736842,0.5263157894736842,1.0657894736842106,0.0,17.657894736842106,0.41948171864897976,0.11470786693528098,0.5026246899500346,0.9428400545273055,1.0,11.5614908284113
RRP0568,1.8757225433526012,1.0635838150289016,0.0,1.1011560693641618,0.0,4.190751445086705,0.4016490261235255,0.24436345032191178,1.0,0.915976611264363,1.0,3.7830324484674094
RSC0089,2.2086720867208673,1.2953929539295392,1.1924119241192412,7.848238482384824,0.4742547425474255,2.3441734417344176,0.6694665489144853,0.528539229811958,0.44029002727554317,1.2197439982358893,0.9118862141400037,2.4601663367786393
RSM0277,2.138728323699422,1.3439306358381502,1.0953757225433527,1.1358381502890174,0.09248554913294797,1.1358381502890174,0.4547368739488539,0.47570620069278646,0.29415859449155063,0.9579803739728427,0.29012971825332806,1.9326452600684314
RTO0313,2.056980056980057,1.0854700854700854,1.1766381766381766,0.0,0.0,0.0,0.6020450834101069,0.2799790677680715,0.4176411072010206,1.0,1.0,1.0
RUM0880,1.8857142857142857,1.042857142857143,1.0857142857142856,2.0028571428571427,0.09142857142857143,6.282857142857143,0.5118329649759005,0.20282491254628077,0.3000886756650145,1.0085552986433677,0.3078452971461976,3.537355763300077
RVC0232,1.0,1.0,0.45375722543352603,0.0,0.0,0.0,1.0,1.0,0.49857802321953276,1.0,1.0,1.0
RVF0201,1.8352601156069364,1.0578034682080926,1.0086705202312138,0.9971098265895953,0.0838150289017341,0.7283236994219653,0.4360887643641192,0.2337094110204611,0.09284533561690393,0.8928006899421219,0.3072522645845235,1.5626644170845563
RYB0718,1.0,1.0,1.0,0.0,0.0,0.0,1.0,1.0,1.0,1.0,1.0,1.0
RZC0746,1.9270833333333333,1.1,0.4625,0.0,0.0,0.0,0.41988147414627114,0.3003129891305087,0.5032773591259282,1.0,1.0,1.0
SAA0999,1.8208092485549132,1.0260115606936415,0.0,8.647398843930636,0.9393063583815029,24.473988439306357,0.4131539117723165,0.15940010686590378,1.0,0.6301199769805463,0.9686767210635697,2.789351332807859
SAB0781,1.7976878612716762,1.0,0.0,1.0664739884393064,0.0,4.164739884393064,0.40230549459665466,1.0,1.0,0.9000339740220374,1.0,3.5653769142741996
SAC0592,1.7745664739884393,1.0,0.0,0.0,0.0,0.0,0.418472671422903,1.0,1.0,1.0,1.0,1.0
SAC0687,1.0,1.0,0.0,0.0,0.0,0.0,1.0,1.0,1.0,1.0,1.0,1.0
SAH0599,1.0,1.0,0.0,0.0,0.0,0.0,1.0,1.0,1.0,1.0,1.0,1.0
SAK0375,4.086705202312139,4.086705202312139,2.6098265895953756,0.0,0.0,0.0,1.4238128479143253,1.4238128479143253,1.3666064917067389,1.0,1.0,1.0
SAP0867,1.0,1.0,1.0,0.0,0.0,0.0,1.0,1.0,1.0,1.0,1.0,1.0
SAT0194,1.0,1.0,0.0,0.0,0.0,0.0,1.0,1.0,1.0,1.0,1.0,1.0
SBD0913,1.0,1.0,1.0,0.0,0.0,0.0,1.0,1.0,1.0,1.0,1.0,1.0
SBH0537,1.7979274611398963,1.0,0.0,0.3626943005181347,0.0,1.1088082901554404,0.402067197229621,1.0,1.0,0.6099239848899657,1.0,2.320675031561487
SBK0161,2.0433526011560694,1.2803468208092486,0.12427745664739884,0.0,0.0,0.0,0.46422667808451973,0.4498191532949912,0.33037558496731917,1.0,1.0,1.0
SBN0495,1.0,1.0,0.0,0.0,0.0,0.0,1.0,1.0,1.0,1.0,1.0,1.0
SBN0866,1.0720461095100864,1.0,1.0720461095100864,1.0864553314121037,0.0345821325648415,16.89913544668588,0.26986855750567923,1.0,0.26986855750567923,0.9425803043902327,0.18298278772793783,11.513182911483579
SBN0971,1.0,1.0,1.0,0.39198218262806234,0.026726057906458798,1.2850779510022272,1.0,1.0,1.0,0.6250198851434168,0.16146156736093092,2.448354960784764
SBQ0786,1.0,1.0,0.0,0.0,0.0,0.0,1.0,1.0,1.0,1.0,1.0,1.0
SCB0534,1.0,1.0,0.0,0.0,0.0,0.0,1.0,1.0,1.0,1.0,1.0,1.0
SCF0608,1.0,1.0,0.476878612716763,0.0,0.0,0.0,1.0,1.0,0.5001884540553126,1.0,1.0,1.0
SCP0130,1.3265895953757225,1.3265895953757225,0.0,2.0722543352601157,0.002890173410404624,4.667630057803469,0.46964487268802857,0.46964487268802857,1.0,0.9648813723263138,0.053760333057047055,2.9096428669977223
SDB0106,2.0115606936416186,1.2254335260115607,0.05202312138728324,0.0,0.0,0.0,0.4098559564057312,0.4184726714229031,0.22239528599313393,1.0,1.0,1.0
SDF0017,1.0,1.0,0.48265895953757226,0.0,0.0,0.0,1.0,1.0,0.5004228755450425,1.0,1.0,1.0
SDO0170,1.754335260115607,1.0,1.0,0.0,0.0,0.0,0.43110406662471523,1.0,1.0,1.0,1.0,1.0
SED0886,2.069164265129683,1.2276657060518732,0.08357348703170028,0.0,0.0,0.0,0.49953752495176484,0.4199312124440001,0.28738591039151995,1.0,1.0,1.0
SEJ0677,1.0,1.0,0.4431818181818182,0.0,0.0,0.0,1.0,1.0,0.49817850032073663,1.0,1.0,1.0
SER0165,1.0,1.0,1.0,0.0,0.0,0.0,1.0,1.0,1.0,1.0,1.0,1.0
SES0477,1.7976878612716762,1.0,0.0,0.0,0.0,0.0,0.40230549459665443,1.0,1.0,1.0,1.0,1.0
SGB0140,2.1040462427745665,1.3323699421965318,0.023121387283236993,0.0,0.0,0.0,0.46392882781273403,0.4717450080299274,0.15050666990597394,1.0,1.0,1.0
SGG0787,1.739884393063584,1.0,0.0,0.0,0.0,0.0,0.4393328122615365,1.0,1.0,1.0,1.0,1.0
SGM0021,1.80635838150289,1.0,1.0,3.0028901734104045,0.26878612716763006,7.502890173410405,0.39572355876107795,1.0,1.0,1.020083983224271,0.4815521106643055,3.055286276501994
SGS0268,1.0,1.0,1.0,0.0,0.0,0.0,1.0,1.0,1.0,1.0,1.0,1.0
SHR0334,1.0,1.0,1.0,0.0,0.0,0.0,1.0,1.0,1.0,1.0,1.0,1.0
SHW0578,1.0,1.0,0.0,0.0,0.0,0.0,1.0,1.0,1.0,1.0,1.0,1.0
SIJ0661,1.0,1.0,0.44508670520231214,0.0,0.0,0.0,1.0,1.0,0.49769511474699646,1.0,1.0,1.0
SJC0333,1.3208092485549132,1.3208092485549132,1.0433526011560694,0.0,0.0,0.0,0.4674636261457019,0.4674636261457019,0.20394451492287655,1.0,1.0,1.0
SJF0094,1.0,1.0,1.0,0.0,0.0,0.0,1.0,1.0,1.0,1.0,1.0,1.0
SJO0209,2.13314447592068,1.3427762039660056,1.0594900849858357,0.37677053824362605,0.0226628895184136,1.0538243626062322,0.47296877188779124,0.4753111400826679,0.23687542405393472,0.5860342411982526,0.1490376028269366,2.159793588300479
SJW0451,1.0,1.0,0.5028901734104047,0.0,0.0,0.0,1.0,1.0,0.5007157480716242,1.0,1.0,1.0
SKG0759,1.0,1.0,0.0,0.0,0.0,0.0,1.0,1.0,1.0,1.0,1.0,1.0
SLB0049,1.0,1.0,0.0,0.0,0.0,0.0,1.0,1.0,1.0,1.0,1.0,1.0
SLP0762,1.0,1.0,0.0,0.0,0.0,0.0,1.0,1.0,1.0,1.0,1.0,1.0
SLT0907,1.0,1.0,0.0,0.0,0.0,0.0,1.0,1.0,1.0,1.0,1.0,1.0
SMB0804,1.0,1.0,0.0,0.0,0.0,0.0,1.0,1.0,1.0,1.0,1.0,1.0
SMH0291,1.99375,1.2166666666666666,0.0020833333333333333,0.0,0.0,0.0,0.4212052742900667,0.4124033806416342,0.04564354645876385,1.0,1.0,1.0
SMW0084,1.0,1.0,0.4595375722543353,0.0,0.0,0.0,1.0,1.0,0.49908184107567005,1.0,1.0,1.0
SMY0792,1.9826589595375723,1.2023121387283238,0.0,1.0982658959537572,0.0,3.494219653179191,0.4931294734217123,0.43016057092643933,1.0,0.9272977095506548,1.0,3.3006316651958887
SNC0187,1.0,1.0,1.0,0.42,0.03333333333333333,7.736666666666666,1.0,1.0,1.0,0.6671458701364598,0.17980541941701308,11.094636485770662
SNS0129,1.0,1.0,1.0,0.0,0.0,0.0,1.0,1.0,1.0,1.0,1.0,1.0
SOB0360,3.938053097345133,3.938053097345133,2.5132743362831858,0.0,0.0,0.0,1.3681012687709144,1.3681012687709144,1.2727226755462315,1.0,1.0,1.0
SOB0586,1.0,1.0,0.0,0.0,0.0,0.0,1.0,1.0,1.0,1.0,1.0,1.0
SOF0808,1.0,1.0,0.0,0.0,0.0,0.0,1.0,1.0,1.0,1.0,1.0,1.0
SOG0411,1.0,1.0,0.44508670520231214,0.0,0.0,0.0,1.0,1.0,0.4976951147469963,1.0,1.0,1.0
SPA0141,1.96011396011396,1.0,1.1794871794871795,0.0,0.0,0.0,0.533027995623911,1.0,0.39889958526034974,1.0,1.0,1.0
SRH0155,2.0384615384615383,1.2362637362637363,1.1043956043956045,0.0,0.0,0.0,0.45594191084484015,0.42537074634883243,0.3150624890266132,1.0,1.0,1.0
SRS0231,1.0,1.0,0.49421965317919075,0.0,0.0,0.0,1.0,1.0,0.5006906514248365,1.0,1.0,1.0
SSG0250,1.8092485549132948,1.0,0.4508670520231214,0.0,0.0,0.0,0.39346253573484113,1.0,0.4983007062686208,1.0,1.0,1.0
SSH0799,2.1300578034682083,1.3641618497109826,0.0,0.0,0.0,0.0,0.44769101289381036,0.48189122272597656,1.0,1.0,1.0,1.0
SSJ0784,1.986870897155361,1.0,0.19693654266958424,0.0,0.0,0.0,0.5213032449622625,1.0,0.4089881372398627,1.0,1.0,1.0
SSR0278,1.0,1.0,0.0,0.0,0.0,0.0,1.0,1.0,1.0,1.0,1.0,1.0
SSS0345,1.0,1.0,1.0,0.0,0.0,0.0,1.0,1.0,1.0,1.0,1.0,1.0
SVL0803,1.0,1.0,0.0,0.0,0.0,0.0,1.0,1.0,1.0,1.0,1.0,1.0
SVL0940,1.0,1.0,1.0,0.0,0.0,0.0,1.0,1.0,1.0,1.0,1.0,1.0
SVS0871,2.132947976878613,1.3583815028901733,1.0346820809248556,0.0,0.0,0.0,0.45646528849912626,0.48021943547464824,0.18323830234449337,1.0,1.0,1.0
SXM0895,1.0,1.0,0.0,0.0,0.0,0.0,1.0,1.0,1.0,1.0,1.0,1.0
TAC0300,1.0,1.0,0.0,0.0,0.0,0.0,1.0,1.0,1.0,1.0,1.0,1.0
TAP0551,1.845132743362832,1.0707964601769913,0.5,0.022123893805309734,0.022123893805309734,0.09292035398230089,0.49701171914508374,0.25705387794233275,0.5270462766947298,0.1749841965051378,0.1749841965051378,0.9866861992804707
TBT0461,1.0,1.0,0.4653179190751445,0.0,0.0,0.0,1.0,1.0,0.4995180721771728,1.0,1.0,1.0
TCD0009,1.0,1.0,0.0,0.0,0.0,0.0,1.0,1.0,1.0,1.0,1.0,1.0
TDG0962,2.158959537572254,1.3670520231213872,1.0404624277456647,0.0,0.0,0.0,0.4762693959184036,0.4826989131581003,0.19732652268574638,1.0,1.0,1.0
TDJ0998,1.7976878612716762,1.0,0.0,0.0,0.0,0.0,0.40230549459665454,1.0,1.0,1.0,1.0,1.0
TDS0984,1.9441860465116279,1.1325581395348838,1.0186046511627906,0.4046511627906977,0.018604651162790697,7.855813953488372,0.4336124216460809,0.36592694841586915,0.13528147976051647,0.6324383892976344,0.13528147976051655,11.322673630690062
TEB0251,1.8381502890173411,1.0635838150289016,0.4277456647398844,0.0,0.0,0.0,0.41331609192057345,0.24436345032191184,0.49546827979750535,1.0,1.0,1.0
TEM0093,1.0,1.0,1.0,0.0,0.0,0.0,1.0,1.0,1.0,1.0,1.0,1.0
TEM0977,1.0,1.0,0.48265895953757226,0.0,0.0,0.0,1.0,1.0,0.5004228755450427,1.0,1.0,1.0
TET0621,1.3554913294797688,1.3554913294797688,0.47109826589595377,0.0,0.0,0.0,0.47935514193394974,0.47935514193394974,0.516989565277366,1.0,1.0,1.0
THD0448,1.0,1.0,0.47109826589595377,0.0,0.0,0.0,1.0,1.0,0.4998868934647654,1.0,1.0,1.0
THR0873,1.0662824207492796,1.0230547550432276,1.043227665706052,7.902017291066282,0.3314121037463977,24.56772334293948,0.24913436448769863,0.15029414281056452,0.20366288175759223,1.0067239088259943,0.8133417970402194,3.083218844563401
TIW0299,1.0,1.0,0.0,0.0,0.0,0.0,1.0,1.0,1.0,1.0,1.0,1.0
TJB0302,1.0,1.0,0.0,0.0,0.0,0.0,1.0,1.0,1.0,1.0,1.0,1.0
TJD0996,1.0,1.0,0.0,0.0,0.0,0.0,1.0,1.0,1.0,1.0,1.0,1.0
TJG0582,1.0,1.0,0.0,0.0,0.0,0.0,1.0,1.0,1.0,1.0,1.0,1.0
TLH0648,1.0,1.0,0.0,0.0,0.0,0.0,1.0,1.0,1.0,1.0,1.0,1.0
TLK0993,1.0,1.0,0.0,0.0,0.0,0.0,1.0,1.0,1.0,1.0,1.0,1.0
TLM0797,1.0,1.0,0.0,0.0,0.0,0.0,1.0,1.0,1.0,1.0,1.0,1.0
TMA0069,1.0,1.0,0.47398843930635837,0.0,0.0,0.0,1.0,1.0,0.5000460731055506,1.0,1.0,1.0
TNM0961,1.9875,1.2291666666666667,1.1041666666666667,2.058333333333333,0.23333333333333334,2.191666666666667,0.42398044085304365,0.4211750514795984,0.3061150365804359,1.2891295323533223,0.4335961009978732,2.1031788386478505
TOR0193,1.846820809248555,1.0635838150289016,0.008670520231213872,0.0,0.0,0.0,0.44029470660816417,0.24436345032191178,0.09284533561690395,1.0,1.0,1.0
TPH0474,1.0,1.0,0.4884393063583815,0.0,0.0,0.0,1.0,1.0,0.5005902522557053,1.0,1.0,1.0
TQS0212,1.0173410404624277,1.0173410404624277,1.0086705202312138,0.0,0.0,0.0,0.1307276597948423,0.1307276597948423,0.09284533561690393,1.0,1.0,1.0
TRK0914,1.0,1.0,0.0,0.0,0.0,0.0,1.0,1.0,1.0,1.0,1.0,1.0
TSB0437,1.0,1.0,0.47109826589595377,0.0,0.0,0.0,1.0,1.0,0.4998868934647654,1.0,1.0,1.0
TSG0906,1.7572254335260116,1.0,0.0,0.0,0.0,0.0,0.42938087013875664,1.0,1.0,1.0,1.0,1.0
TSM0363,4.03757225433526,4.03757225433526,2.615606936416185,0.0,0.0,0.0,1.451148031975445,1.451148031975445,1.4202221938259536,1.0,1.0,1.0
TSM0927,1.0,1.0,0.0,0.0,0.0,0.0,1.0,1.0,1.0,1.0,1.0,1.0
TSR0676,1.7890173410404624,1.0,0.4595375722543353,2.069364161849711,0.017341040462427744,1.5375722543352601,0.40859698402042877,1.0,0.49908184107567,1.0077025960442008,0.1307276597948424,2.0740016356356255
TTD1000,1.0,1.0,0.0,0.0,0.0,0.0,1.0,1.0,1.0,1.0,1.0,1.0
TUC0632,1.0,1.0,0.0,0.0,0.0,0.0,1.0,1.0,1.0,1.0,1.0,1.0
TVS0006,1.8208092485549132,1.0578034682080926,0.0,0.0,0.0,0.0,0.45964754427462623,0.2337094110204613,1.0,1.0,1.0,1.0
TVS0050,2.28328611898017,1.2861189801699717,1.271954674220963,0.0,0.0,0.0,0.6818911455508373,0.4525872059452416,0.4939760738903261,1.0,1.0,1.0
TYB0779,1.7803468208092486,1.0,0.0,0.0,0.0,0.0,0.41461124931956095,1.0,1.0,1.0,1.0,1.0
UAD0771,1.869942196531792,1.060693641618497,0.0,2.0115606936416186,0.0,5.413294797687861,0.4209974313802693,0.23911329875315013,1.0,0.9984825548038552,1.0,3.222160065802755
UBF0645,1.0,1.0,0.0,0.0,0.0,0.0,1.0,1.0,1.0,1.0,1.0,1.0
UCH0519,1.0,1.0,0.0,0.0,0.0,0.0,1.0,1.0,1.0,1.0,1.0,1.0
UCS0227,1.0,1.0,0.47398843930635837,0.0,0.0,0.0,1.0,1.0,0.5000460731055508,1.0,1.0,1.0
UFK0208,2.0346820809248554,1.260115606936416,1.023121387283237,0.0,0.0,0.0,0.4618294277908548,0.43933281226153664,0.1686693781795059,1.0,1.0,1.0
UIR0043,4.132947976878612,4.132947976878612,3.667630057803468,0.0,0.0,0.0,1.4181886723314456,1.4181886723314456,1.3218097570227636,1.0,1.0,1.0
UJC0737,1.0,1.0,0.4508670520231214,0.0,0.0,0.0,1.0,1.0,0.49830070626862083,1.0,1.0,1.0
USH0199,1.0086705202312138,1.0086705202312138,1.0086705202312138,0.3236994219653179,0.02601156069364162,0.41040462427745666,0.09284533561690393,0.09284533561690393,0.09284533561690393,0.6318724525942643,0.1594001068659037,1.2226397473281614
VAA0087,1.9971098265895955,1.2052023121387283,1.0317919075144508,0.0,0.0,0.0,0.4599845927684075,0.4044342473139923,0.17569975227305987,1.0,1.0,1.0
VCC0396,2.0,1.140401146131805,0.6017191977077364,2.0601719197707737,0.15472779369627507,4.630372492836676,0.5306686305052327,0.3479015245774013,0.6150389401777636,1.0528237750892329,0.4069959301824293,3.0753553441893975
VCY0751,1.7919075144508672,1.0,0.5028901734104047,0.0,0.0,0.0,0.4065312474948837,1.0,0.5007157480716244,1.0,1.0,1.0
VEB0935,1.0,1.0,1.0,0.0,0.0,0.0,1.0,1.0,1.0,1.0,1.0,1.0
VFM0814,1.9833333333333334,1.2125,0.020833333333333332,0.375,0.07916666666666666,0.5083333333333333,0.428744070958594,0.4099316199738601,0.14312462505965154,0.6279740953535792,0.2856090411861159,1.344418701798724
VIA0063,1.0,1.0,0.49421965317919075,7.9508670520231215,0.049132947976878616,24.63583815028902,1.0,1.0,0.5006906514248365,0.9139256619697997,0.2534672027172614,2.808948231105922
VLB0647,1.0,1.0,0.0,0.0,0.0,0.0,1.0,1.0,1.0,1.0,1.0,1.0
VMJ0147,1.0,1.0,0.0,0.0,0.0,0.0,1.0,1.0,1.0,1.0,1.0,1.0
VMJ0546,1.7803468208092486,1.0,0.4595375722543353,2.0491329479768785,0.023121387283236993,9.748554913294798,0.41461124931956095,1.0,0.4990818410756698,1.041410331197928,0.150506669905974,3.955962030509249
VSA0230,1.8918918918918919,1.1655405405405406,0.5236486486486487,0.3310810810810811,0.02027027027027027,1.3141891891891893,0.44546886569873445,0.3722970998467259,0.5875385583003836,0.563145084879476,0.1411619862689114,2.528334619967617
VSS0154,0.9953271028037384,0.9953271028037384,0.0,2.1588785046728973,0.02336448598130841,1.8925233644859814,0.06835859270246633,0.06835859270246633,1.0,1.2902635223087455,0.15141240468177825,2.1035717862756473
VTT0385,1.0953757225433527,1.0953757225433527,0.4913294797687861,7.927745664739884,0.08092485549132948,1.1820809248554913,0.29415859449155063,0.29415859449155063,0.5396563276734456,0.8995870898515207,0.5322473655219452,1.6147229328754589
WAB0143,1.0,1.0,1.0,0.0,0.0,0.0,1.0,1.0,1.0,1.0,1.0,1.0
WAS0254,1.783236994219653,1.0,1.0,0.0,0.0,0.0,0.4126365371448356,1.0,1.0,1.0,1.0,1.0
WBC0192,1.8872832369942196,1.1011560693641618,1.0375722543352601,0.3872832369942196,0.03757225433526012,1.199421965317919,0.4459285906398816,0.30197196132559107,0.19043474818137365,0.6326939096533091,0.19043474818137382,2.3126870527673793
WBC0315,1.0,1.0,1.0,0.0,0.0,0.0,1.0,1.0,1.0,1.0,1.0,1.0
WDD0366,4.707792207792208,3.9415584415584415,2.512987012987013,0.01948051948051948,0.01948051948051948,0.01948051948051948,1.50536640350415,1.480544899193488,1.3991016800902778,0.17942286124457088,0.17942286124457088,0.2544913614240544
WDO0870,1.2550143266475644,1.0573065902578798,1.2063037249283668,0.0,0.0,0.0,0.46207840345939427,0.23276121276769338,0.4259746491740542,1.0,1.0,1.0
WDV0573,1.3948863636363635,1.2215909090909092,0.2585227272727273,0.0,0.0,0.0,0.6181278495036753,0.415908400948812,0.4876667858988286,1.0,1.0,1.0
WGR0833,1.0,1.0,0.0,0.0,0.0,0.0,1.0,1.0,1.0,1.0,1.0,1.0
WGS0516,1.0,1.0,0.0,0.0,0.0,0.0,1.0,1.0,1.0,1.0,1.0,1.0
WIF0691,1.7803468208092486,1.0289017341040463,0.014450867052023121,7.895953757225434,0.7890173410404624,23.893063583815028,0.44169094835578054,0.1677729889555262,0.11951284770836136,0.9203879699597947,1.110683646236523,2.9087789921083536
WIQ0567,1.8054298642533937,1.0,0.0,0.9886877828054299,0.0,4.423076923076923,0.396317997808935,1.0,1.0,0.9121794176884739,1.0,4.013549787195394
WJD0576,1.0,1.0,0.0,0.0,0.0,0.0,1.0,1.0,1.0,1.0,1.0,1.0
WKD0013,1.1628571428571428,1.06,0.13142857142857142,0.0,0.0,0.0,0.41365358919544937,0.237826837393359,0.3548852097162085,1.0,1.0,1.0
WKF0012,1.0,1.0,1.0,0.0,0.0,0.0,1.0,1.0,1.0,1.0,1.0,1.0
WLV0566,1.0,1.0,0.0,0.0,0.0,0.0,1.0,1.0,1.0,1.0,1.0,1.0
WNB0908,1.7572254335260116,1.0,0.0,0.0,0.0,0.0,0.4293808701387567,1.0,1.0,1.0,1.0,1.0
WPE0538,1.0,1.0,0.0,0.0,0.0,0.0,1.0,1.0,1.0,1.0,1.0,1.0
WPR0368,4.063231850117096,4.063231850117096,2.48711943793911,0.0,0.0,0.0,1.3952406863619988,1.3952406863619988,1.3589204125257024,1.0,1.0,1.0
WRM0963,1.8620689655172413,1.0632183908045978,1.028735632183908,0.0,0.0,0.0,0.4477926283346245,0.24405767466227601,0.16754469404715638,1.0,1.0,1.0
WSR0241,1.216763005780347,1.216763005780347,0.4682080924855491,0.0,0.0,0.0,0.49561197587171046,0.49561197587171046,0.527917124087992,1.0,1.0,1.0
WTF0387,1.0,1.0,0.44508670520231214,0.0,0.0,0.0,1.0,1.0,0.4976951147469963,1.0,1.0,1.0
WTR0563,1.0,1.0,0.0,0.0,0.0,0.0,1.0,1.0,1.0,1.0,1.0,1.0
WVB0539,1.0,1.0,0.4479768786127168,0.0,0.0,0.0,1.0,1.0,0.4980064134824459,1.0,1.0,1.0
WXH0872,1.3728323699421965,1.3179190751445087,1.0780346820809248,2.0289017341040463,0.06069364161849711,2.38728323699422,0.5354251304985965,0.4663422321537657,0.2686146077362862,1.0154045137518881,0.2509427645697095,2.4245746952563882
XAA0104,1.7947976878612717,1.0,1.0,0.3988439306358382,0.049132947976878616,1.2630057803468209,0.40443424731399247,1.0,1.0,0.6745036555637433,0.21645858381105412,2.546419181761293
XBN0229,1.0,1.0,0.4797687861271676,0.0,0.0,0.0,1.0,1.0,0.5003140506559254,1.0,1.0,1.0
XHG0902,1.0,1.0,0.0,0.0,0.0,0.0,1.0,1.0,1.0,1.0,1.0,1.0
XHW0498,1.0,1.0,0.0,2.169230769230769,0.0,1.9794871794871796,1.0,1.0,1.0,1.1519042607146213,1.0,2.033125100382133
XLB0710,1.0,1.0,1.0,0.0,0.0,0.0,1.0,1.0,1.0,1.0,1.0,1.0
XRS0633,1.76878612716763,1.0,0.0,0.0,0.0,0.0,0.4222194297749103,1.0,1.0,1.0,1.0,1.0
XWD0923,1.752,1.0,0.0,2.1,0.26,23.66,0.4327181298717201,1.0,1.0,1.0422789365261604,0.4574242536105456,6.48634648805105
YCE0983,1.0,1.0,1.0,0.0,0.0,0.0,1.0,1.0,1.0,1.0,1.0,1.0
YDN0198,1.7976878612716762,1.023121387283237,1.0028901734104045,0.0,0.0,0.0,0.44343242966466856,0.15050666990597392,0.053760333057047055,1.0,1.0,1.0
YEV0793,1.0,1.0,0.0,0.0,0.0,0.0,1.0,1.0,1.0,1.0,1.0,1.0
YIC0195,2.0625,1.2727272727272727,0.019886363636363636,0.0,0.0,0.0,0.4610930899578063,0.44599573867044845,0.13980853263097281,1.0,1.0,1.0
YJF0532,2.066473988439306,1.2572254335260116,0.0,0.0,0.0,0.0,0.4009810370517049,0.43773771650693977,1.0,1.0,1.0,1.0
YJV0699,1.0,1.0,1.0,0.0,0.0,0.0,1.0,1.0,1.0,1.0,1.0,1.0
YWW0660,1.0,1.0,0.0,0.0,0.0,0.0,1.0,1.0,1.0,1.0,1.0,1.0
ZCF0590,1.0,1.0,0.0,0.0,0.0,0.0,1.0,1.0,1.0,1.0,1.0,1.0
ZDW0859,1.8150289017341041,1.0491329479768785,1.0173410404624277,0.0,0.0,0.0,0.4379194873754057,0.21645858381105407,0.13072765979484233,1.0,1.0,1.0
ZFM0468,1.0,1.0,0.4508670520231214,0.0,0.0,0.0,1.0,1.0,0.4983007062686208,1.0,1.0,1.0
ZJE0857,1.0708446866485013,1.0708446866485013,1.002724795640327,0.0,0.0,0.0,0.2569154894280022,0.2569154894280022,0.052199575097188054,1.0,1.0,1.0
ZJS0269,1.0,1.0,1.0,0.0,0.0,0.0,1.0,1.0,1.0,1.0,1.0,1.0
ZKS0899,1.1127167630057804,1.1127167630057804,0.0,8.644508670520231,0.08959537572254335,24.673410404624278,0.31670425212237063,0.31670425212237063,1.0,0.8635527668208952,0.349834508919186,3.46330468626721
ZMC0284,1.0,1.0,0.0,0.0,0.0,0.0,1.0,1.0,1.0,1.0,1.0,1.0
ZSB0649,1.0,1.0,0.0,0.0,0.0,0.0,1.0,1.0,1.0,1.0,1.0,1.0
ZSK0258,1.0,1.0,1.0,0.0,0.0,0.0,1.0,1.0,1.0,1.0,1.0,1.0
ZSL0305,1.0,1.0,0.0,0.0,0.0,0.0,1.0,1.0,1.0,1.0,1.0,1.0
